time,MLII
0.000000,0.982321
0.002778,0.957367
0.005556,0.785764
0.008333,0.582803
0.011111,0.365263
0.013889,0.226538
0.016667,0.117008
0.019444,0.070052
0.022222,0.008810
0.025000,0.012811
0.027778,-0.003218
0.030556,-0.019722
0.033333,-0.078651
0.036111,-0.138750
0.038889,-0.205217
0.041667,-0.207781
0.044444,-0.150952
0.047222,-0.068480
0.050000,-0.020046
0.052778,-0.024168
0.055556,-0.001510
0.058333,-0.008087
0.061111,-0.016184
0.063889,0.017354
0.066667,-0.013765
0.069444,0.010579
0.072222,0.008222
0.075000,0.011722
0.077778,-0.014240
0.080556,-0.005994
0.083333,0.006773
0.086111,-0.008703
0.088889,-0.002184
0.091667,-0.015259
0.094444,-0.000402
0.097222,-0.004061
0.100000,-0.017221
0.102778,-0.015323
0.105556,0.014928
0.108333,0.017276
0.111111,0.000816
0.113889,0.015278
0.116667,0.010782
0.119444,0.011274
0.122222,-0.017915
0.125000,-0.008068
0.127778,-0.005974
0.130556,0.016772
0.133333,0.015598
0.136111,-0.000320
0.138889,0.011787
0.141667,0.016775
0.144444,0.006460
0.147222,-0.015297
0.150000,0.015335
0.152778,0.019826
0.155556,0.011297
0.158333,0.015535
0.161111,0.033037
0.163889,0.033575
0.166667,0.026106
0.169444,0.044439
0.172222,0.042213
0.175000,0.071494
0.177778,0.064391
0.180556,0.077322
0.183333,0.086470
0.186111,0.108627
0.188889,0.139196
0.191667,0.162453
0.194444,0.184615
0.197222,0.198577
0.200000,0.226154
0.202778,0.231864
0.205556,0.259060
0.208333,0.251080
0.211111,0.283079
0.213889,0.301309
0.216667,0.317172
0.219444,0.293917
0.222222,0.282859
0.225000,0.295962
0.227778,0.269641
0.230556,0.266495
0.233333,0.253692
0.236111,0.227076
0.238889,0.221931
0.241667,0.215824
0.244444,0.188864
0.247222,0.163130
0.250000,0.150014
0.252778,0.129073
0.255556,0.101179
0.258333,0.094823
0.261111,0.096008
0.263889,0.054185
0.266667,0.051135
0.269444,0.033399
0.272222,0.016785
0.275000,0.023180
0.277778,0.037814
0.280556,0.019159
0.283333,-0.007723
0.286111,0.013347
0.288889,0.000847
0.291667,0.022182
0.294444,0.010884
0.297222,0.016892
0.300000,0.017652
0.302778,-0.013300
0.305556,-0.002124
0.308333,0.007507
0.311111,-0.015309
0.313889,0.009505
0.316667,0.019413
0.319444,0.015465
0.322222,0.014927
0.325000,-0.001487
0.327778,0.000712
0.330556,0.004402
0.333333,0.007687
0.336111,-0.005142
0.338889,0.002839
0.341667,0.006980
0.344444,0.003404
0.347222,-0.006740
0.350000,-0.009558
0.352778,-0.005327
0.355556,-0.012671
0.358333,0.013885
0.361111,-0.015901
0.363889,-0.000314
0.366667,0.016230
0.369444,-0.003929
0.372222,0.011480
0.375000,-0.001510
0.377778,0.014531
0.380556,-0.012694
0.383333,0.014105
0.386111,0.009922
0.388889,-0.003102
0.391667,0.003267
0.394444,0.019195
0.397222,-0.014821
0.400000,-0.005129
0.402778,0.004857
0.405556,-0.001319
0.408333,-0.003459
0.411111,-0.007651
0.413889,0.010041
0.416667,-0.005797
0.419444,-0.011831
0.422222,-0.017169
0.425000,-0.019090
0.427778,0.000987
0.430556,0.014606
0.433333,-0.016867
0.436111,0.014607
0.438889,-0.007763
0.441667,0.014969
0.444444,0.010385
0.447222,0.011334
0.450000,0.015094
0.452778,-0.000146
0.455556,-0.005354
0.458333,-0.012053
0.461111,0.009769
0.463889,-0.006747
0.466667,0.013793
0.469444,0.016218
0.472222,0.003489
0.475000,0.009635
0.477778,0.008778
0.480556,-0.011115
0.483333,-0.004049
0.486111,-0.016593
0.488889,-0.011211
0.491667,0.010055
0.494444,-0.005896
0.497222,0.003690
0.500000,-0.003700
0.502778,0.012770
0.505556,0.002361
0.508333,-0.009623
0.511111,0.016062
0.513889,0.011492
0.516667,-0.009813
0.519444,0.016461
0.522222,0.018945
0.525000,-0.010829
0.527778,0.001864
0.530556,-0.010362
0.533333,-0.005820
0.536111,0.005306
0.538889,-0.001152
0.541667,0.018474
0.544444,-0.000500
0.547222,0.003344
0.550000,0.012065
0.552778,-0.009401
0.555556,0.004574
0.558333,0.015994
0.561111,0.002766
0.563889,0.018171
0.566667,-0.013942
0.569444,0.001338
0.572222,0.012153
0.575000,-0.018173
0.577778,0.011400
0.580556,-0.006148
0.583333,0.002183
0.586111,-0.006194
0.588889,0.004776
0.591667,-0.009382
0.594444,-0.005314
0.597222,0.006769
0.600000,0.016187
0.602778,0.015053
0.605556,-0.005490
0.608333,0.015842
0.611111,0.002602
0.613889,0.016276
0.616667,0.016353
0.619444,-0.018437
0.622222,-0.011171
0.625000,-0.010698
0.627778,-0.016462
0.630556,0.004444
0.633333,0.017058
0.636111,0.013268
0.638889,0.004348
0.641667,-0.015291
0.644444,0.012873
0.647222,0.013619
0.650000,0.002701
0.652778,0.024178
0.655556,0.046060
0.658333,0.033669
0.661111,0.061915
0.663889,0.078132
0.666667,0.128061
0.669444,0.139022
0.672222,0.154069
0.675000,0.159758
0.677778,0.128531
0.680556,0.126913
0.683333,0.073661
0.686111,0.055699
0.688889,0.058650
0.691667,0.042872
0.694444,0.001371
0.697222,-0.007072
0.700000,0.020495
0.702778,0.007483
0.705556,-0.017534
0.708333,-0.000841
0.711111,-0.010565
0.713889,-0.005911
0.716667,-0.014875
0.719444,-0.009318
0.722222,0.006295
0.725000,0.010246
0.727778,-0.015847
0.730556,-0.009608
0.733333,-0.015376
0.736111,-0.004143
0.738889,0.004098
0.741667,-0.002240
0.744444,-0.009573
0.747222,0.006482
0.750000,0.009780
0.752778,0.015306
0.755556,0.011048
0.758333,-0.009410
0.761111,-0.006421
0.763889,0.006031
0.766667,-0.003299
0.769444,-0.015813
0.772222,0.000701
0.775000,-0.013764
0.777778,0.007307
0.780556,-0.004387
0.783333,-0.006603
0.786111,-0.054057
0.788889,-0.065964
0.791667,-0.091327
0.794444,-0.081645
0.797222,-0.087636
0.800000,-0.044005
0.802778,-0.030537
0.805556,-0.010965
0.808333,-0.011804
0.811111,0.001169
0.813889,0.042963
0.816667,0.115300
0.819444,0.219986
0.822222,0.385936
0.825000,0.567153
0.827778,0.785539
0.830556,0.956053
0.833333,0.990614
0.836111,0.943138
0.838889,0.788992
0.841667,0.571110
0.844444,0.390736
0.847222,0.208345
0.850000,0.122893
0.852778,0.041333
0.855556,0.002924
0.858333,0.009642
0.861111,-0.012073
0.863889,-0.038828
0.866667,-0.067325
0.869444,-0.160563
0.872222,-0.205449
0.875000,-0.183812
0.877778,-0.130200
0.880556,-0.074739
0.883333,-0.030146
0.886111,-0.012638
0.888889,0.012963
0.891667,0.015349
0.894444,0.014786
0.897222,-0.002198
0.900000,-0.004420
0.902778,-0.003589
0.905556,0.010017
0.908333,-0.018334
0.911111,-0.003110
0.913889,-0.001142
0.916667,0.001968
0.919444,0.006928
0.922222,-0.012130
0.925000,0.018412
0.927778,0.008970
0.930556,-0.016398
0.933333,-0.005266
0.936111,-0.001475
0.938889,-0.002000
0.941667,-0.015381
0.944444,-0.000852
0.947222,0.016133
0.950000,-0.013490
0.952778,-0.016697
0.955556,0.013793
0.958333,-0.000083
0.961111,0.018663
0.963889,-0.018728
0.966667,-0.018669
0.969444,0.002938
0.972222,-0.014192
0.975000,-0.007322
0.977778,-0.002545
0.980556,-0.009213
0.983333,0.013065
0.986111,0.020767
0.988889,0.026131
0.991667,-0.005522
0.994444,0.002408
0.997222,0.007397
1.000000,0.012645
1.002778,0.023603
1.005556,0.052460
1.008333,0.043499
1.011111,0.073384
1.013889,0.067470
1.016667,0.097949
1.019444,0.125370
1.022222,0.119449
1.025000,0.165866
1.027778,0.188064
1.030556,0.197733
1.033333,0.232775
1.036111,0.220801
1.038889,0.263929
1.041667,0.283211
1.044444,0.278496
1.047222,0.284043
1.050000,0.314730
1.052778,0.313348
1.055556,0.299437
1.058333,0.274101
1.061111,0.284454
1.063889,0.270529
1.066667,0.268202
1.069444,0.257553
1.072222,0.219909
1.075000,0.205359
1.077778,0.196399
1.080556,0.155519
1.083333,0.147030
1.086111,0.113251
1.088889,0.121036
1.091667,0.111125
1.094444,0.063125
1.097222,0.045498
1.100000,0.049790
1.102778,0.060004
1.105556,0.015719
1.108333,0.023181
1.111111,0.001057
1.113889,-0.000025
1.116667,0.018172
1.119444,0.022136
1.122222,0.025283
1.125000,-0.001915
1.127778,-0.013939
1.130556,-0.002355
1.133333,-0.003681
1.136111,0.019050
1.138889,-0.008507
1.141667,0.006479
1.144444,0.013316
1.147222,-0.014973
1.150000,0.008246
1.152778,0.017859
1.155556,-0.012142
1.158333,-0.015172
1.161111,0.015139
1.163889,0.001397
1.166667,0.007323
1.169444,0.015622
1.172222,0.011762
1.175000,0.004522
1.177778,-0.001308
1.180556,-0.016693
1.183333,-0.018970
1.186111,-0.012008
1.188889,0.008427
1.191667,-0.004055
1.194444,-0.014793
1.197222,-0.019570
1.200000,-0.004677
1.202778,0.014848
1.205556,-0.018049
1.208333,0.013898
1.211111,-0.008714
1.213889,0.004830
1.216667,-0.009377
1.219444,0.005616
1.222222,-0.003992
1.225000,0.007765
1.227778,0.014413
1.230556,0.017016
1.233333,0.013574
1.236111,-0.012653
1.238889,0.009752
1.241667,0.005161
1.244444,-0.018637
1.247222,0.018393
1.250000,0.006403
1.252778,-0.008848
1.255556,-0.016725
1.258333,0.005036
1.261111,0.001610
1.263889,0.016358
1.266667,-0.009256
1.269444,-0.005163
1.272222,0.010217
1.275000,-0.007670
1.277778,0.013458
1.280556,0.010448
1.283333,0.016354
1.286111,0.009148
1.288889,0.006393
1.291667,-0.001695
1.294444,0.010066
1.297222,-0.018596
1.300000,0.016785
1.302778,0.014425
1.305556,0.016005
1.308333,0.016828
1.311111,0.019007
1.313889,-0.002304
1.316667,0.012348
1.319444,0.009417
1.322222,-0.005233
1.325000,-0.009892
1.327778,0.004997
1.330556,0.012348
1.333333,0.010657
1.336111,-0.003963
1.338889,0.003623
1.341667,0.012022
1.344444,0.007516
1.347222,0.011695
1.350000,0.010063
1.352778,-0.012535
1.355556,0.018279
1.358333,-0.016026
1.361111,0.005819
1.363889,-0.001375
1.366667,0.019371
1.369444,-0.005803
1.372222,-0.012757
1.375000,-0.019289
1.377778,0.013920
1.380556,-0.017523
1.383333,0.005417
1.386111,0.012096
1.388889,-0.016715
1.391667,-0.009513
1.394444,-0.012429
1.397222,-0.016338
1.400000,-0.016982
1.402778,0.008735
1.405556,0.007526
1.408333,-0.002804
1.411111,-0.013221
1.413889,0.016301
1.416667,-0.009547
1.419444,0.006507
1.422222,-0.000605
1.425000,-0.018302
1.427778,-0.017897
1.430556,-0.001693
1.433333,0.014233
1.436111,0.016764
1.438889,0.017452
1.441667,-0.018763
1.444444,-0.013725
1.447222,0.003760
1.450000,0.000526
1.452778,0.002995
1.455556,0.015211
1.458333,0.009177
1.461111,0.012492
1.463889,-0.018274
1.466667,0.011653
1.469444,-0.004036
1.472222,-0.016279
1.475000,0.016700
1.477778,-0.005081
1.480556,0.003780
1.483333,0.022376
1.486111,0.014366
1.488889,0.032664
1.491667,0.035831
1.494444,0.074211
1.497222,0.106165
1.500000,0.114275
1.502778,0.139220
1.505556,0.159392
1.508333,0.156474
1.511111,0.150402
1.513889,0.129066
1.516667,0.080877
1.519444,0.079028
1.522222,0.037172
1.525000,0.046168
1.527778,0.029057
1.530556,-0.005930
1.533333,0.008242
1.536111,-0.015261
1.538889,-0.006975
1.541667,0.012955
1.544444,-0.014786
1.547222,0.005389
1.550000,0.006766
1.552778,-0.006361
1.555556,0.008942
1.558333,-0.017868
1.561111,0.001219
1.563889,-0.018493
1.566667,-0.019290
1.569444,0.004694
1.572222,-0.014780
1.575000,0.019249
1.577778,0.007397
1.580556,0.013696
1.583333,-0.006741
1.586111,-0.004040
1.588889,-0.015690
1.591667,0.019368
1.594444,0.010665
1.597222,-0.011772
1.600000,-0.001645
1.602778,-0.012843
1.605556,-0.015598
1.608333,-0.012910
1.611111,-0.013085
1.613889,-0.012055
1.616667,-0.011024
1.619444,-0.053594
1.622222,-0.086378
1.625000,-0.079390
1.627778,-0.116619
1.630556,-0.054515
1.633333,-0.030161
1.636111,-0.001603
1.638889,-0.007023
1.641667,-0.011094
1.644444,0.015009
1.647222,0.061235
1.650000,0.104023
1.652778,0.234866
1.655556,0.381759
1.658333,0.594871
1.661111,0.778343
1.663889,0.946359
1.666667,0.997065
1.669444,0.929225
1.672222,0.781286
1.675000,0.594120
1.677778,0.392611
1.680556,0.204018
1.683333,0.100420
1.686111,0.063229
1.688889,0.026442
1.691667,-0.007520
1.694444,-0.022336
1.697222,-0.035024
1.700000,-0.095836
1.702778,-0.152648
1.705556,-0.210884
1.708333,-0.176045
1.711111,-0.120456
1.713889,-0.066737
1.716667,-0.034482
1.719444,0.011229
1.722222,-0.020577
1.725000,-0.005694
1.727778,-0.000307
1.730556,0.004629
1.733333,0.008713
1.736111,0.018962
1.738889,0.007282
1.741667,-0.010358
1.744444,-0.008368
1.747222,0.017483
1.750000,0.008886
1.752778,0.015327
1.755556,0.000564
1.758333,-0.013833
1.761111,0.019261
1.763889,-0.017684
1.766667,0.014070
1.769444,-0.000116
1.772222,-0.005763
1.775000,-0.012926
1.777778,-0.005426
1.780556,0.004045
1.783333,0.017427
1.786111,0.017260
1.788889,0.015362
1.791667,-0.014400
1.794444,0.009776
1.797222,0.011916
1.800000,-0.005885
1.802778,-0.007887
1.805556,-0.002498
1.808333,-0.014279
1.811111,-0.005656
1.813889,0.019813
1.816667,0.003017
1.819444,0.027337
1.822222,-0.003422
1.825000,0.019473
1.827778,0.014978
1.830556,0.035601
1.833333,0.039237
1.836111,0.035862
1.838889,0.045779
1.841667,0.069879
1.844444,0.057510
1.847222,0.070731
1.850000,0.084667
1.852778,0.102591
1.855556,0.155767
1.858333,0.153735
1.861111,0.191341
1.863889,0.204284
1.866667,0.219064
1.869444,0.252679
1.872222,0.236768
1.875000,0.283804
1.877778,0.278770
1.880556,0.278250
1.883333,0.316589
1.886111,0.304742
1.888889,0.310770
1.891667,0.299018
1.894444,0.272854
1.897222,0.264621
1.900000,0.272926
1.902778,0.251219
1.905556,0.243517
1.908333,0.215624
1.911111,0.205824
1.913889,0.171366
1.916667,0.136363
1.919444,0.137481
1.922222,0.109270
1.925000,0.076631
1.927778,0.084801
1.930556,0.081663
1.933333,0.032540
1.936111,0.031529
1.938889,0.038201
1.941667,0.022326
1.944444,0.016574
1.947222,-0.000859
1.950000,-0.004716
1.952778,0.028085
1.955556,-0.007374
1.958333,0.001516
1.961111,0.019190
1.963889,0.013609
1.966667,0.013880
1.969444,-0.014990
1.972222,-0.016092
1.975000,0.014026
1.977778,0.001150
1.980556,0.014581
1.983333,-0.002446
1.986111,0.018273
1.988889,0.018774
1.991667,0.005608
1.994444,-0.009761
1.997222,0.014655
2.000000,0.002012
2.002778,0.017565
2.005556,0.000449
2.008333,0.000304
2.011111,0.017904
2.013889,0.016525
2.016667,0.009080
2.019444,-0.008165
2.022222,-0.000818
2.025000,-0.004351
2.027778,0.001439
2.030556,-0.004138
2.033333,0.013281
2.036111,-0.006269
2.038889,0.010013
2.041667,0.017039
2.044444,0.001906
2.047222,-0.017255
2.050000,0.009200
2.052778,0.007154
2.055556,-0.015144
2.058333,0.011511
2.061111,0.001070
2.063889,0.000371
2.066667,-0.000493
2.069444,0.007550
2.072222,-0.001208
2.075000,0.006487
2.077778,-0.019720
2.080556,-0.006515
2.083333,-0.016669
2.086111,-0.011658
2.088889,-0.009173
2.091667,0.016761
2.094444,0.006678
2.097222,-0.013149
2.100000,-0.012119
2.102778,-0.000943
2.105556,0.015014
2.108333,0.003702
2.111111,-0.001750
2.113889,0.002920
2.116667,-0.016507
2.119444,0.000142
2.122222,0.000832
2.125000,0.000223
2.127778,0.013766
2.130556,0.014528
2.133333,-0.012614
2.136111,0.001691
2.138889,-0.018535
2.141667,-0.014561
2.144444,0.002161
2.147222,0.000116
2.150000,-0.002688
2.152778,-0.006710
2.155556,0.006749
2.158333,0.016001
2.161111,-0.004630
2.163889,-0.006762
2.166667,-0.008988
2.169444,0.004095
2.172222,0.008261
2.175000,0.004808
2.177778,-0.009580
2.180556,-0.018393
2.183333,-0.017348
2.186111,-0.001620
2.188889,-0.002283
2.191667,-0.002544
2.194444,-0.006037
2.197222,0.018180
2.200000,0.000133
2.202778,0.010705
2.205556,-0.016949
2.208333,-0.007404
2.211111,0.010325
2.213889,-0.011571
2.216667,0.000686
2.219444,-0.012649
2.222222,0.003605
2.225000,0.004326
2.227778,-0.018381
2.230556,-0.012101
2.233333,-0.018880
2.236111,-0.013318
2.238889,0.013966
2.241667,-0.013174
2.244444,-0.009368
2.247222,-0.016423
2.250000,-0.010363
2.252778,0.011633
2.255556,0.010516
2.258333,0.003259
2.261111,0.011207
2.263889,-0.010019
2.266667,0.017952
2.269444,0.010288
2.272222,0.015051
2.275000,-0.016059
2.277778,0.015777
2.280556,0.009763
2.283333,0.007940
2.286111,-0.019692
2.288889,-0.012326
2.291667,-0.018716
2.294444,-0.001638
2.297222,-0.016191
2.300000,0.016657
2.302778,-0.001686
2.305556,-0.015437
2.308333,0.013647
2.311111,0.016392
2.313889,0.023963
2.316667,0.018071
2.319444,0.023099
2.322222,0.020089
2.325000,0.029774
2.327778,0.060395
2.330556,0.078818
2.333333,0.106721
2.336111,0.137029
2.338889,0.154360
2.341667,0.139442
2.344444,0.136601
2.347222,0.131042
2.350000,0.071053
2.352778,0.056791
2.355556,0.048959
2.358333,0.029510
2.361111,0.000641
2.363889,-0.008633
2.366667,0.014458
2.369444,0.005884
2.372222,-0.000690
2.375000,0.006775
2.377778,-0.015004
2.380556,0.003852
2.383333,-0.009915
2.386111,-0.016673
2.388889,-0.015534
2.391667,-0.015962
2.394444,0.006570
2.397222,-0.012428
2.400000,0.003501
2.402778,-0.008573
2.405556,-0.011802
2.408333,-0.013287
2.411111,-0.005647
2.413889,0.012549
2.416667,-0.017153
2.419444,0.007351
2.422222,-0.004532
2.425000,0.005816
2.427778,-0.016555
2.430556,-0.004759
2.433333,0.011486
2.436111,-0.007742
2.438889,0.010153
2.441667,0.009936
2.444444,-0.017467
2.447222,-0.000211
2.450000,-0.009746
2.452778,-0.024018
2.455556,-0.077821
2.458333,-0.102239
2.461111,-0.113590
2.463889,-0.065139
2.466667,-0.039992
2.469444,0.002388
2.472222,0.015388
2.475000,0.018735
2.477778,0.027477
2.480556,0.046217
2.483333,0.122683
2.486111,0.225005
2.488889,0.387149
2.491667,0.601214
2.494444,0.771034
2.497222,0.960358
2.500000,1.003344
2.502778,0.928220
2.505556,0.775091
2.508333,0.583325
2.511111,0.364434
2.513889,0.232710
2.516667,0.128112
2.519444,0.050296
2.522222,0.027989
2.525000,0.009748
2.527778,-0.016307
2.530556,-0.040405
2.533333,-0.067319
2.536111,-0.158991
2.538889,-0.179239
2.541667,-0.189208
2.544444,-0.121664
2.547222,-0.061714
2.550000,-0.016062
2.552778,0.011201
2.555556,0.013960
2.558333,-0.013153
2.561111,-0.015087
2.563889,-0.003373
2.566667,-0.012027
2.569444,0.016014
2.572222,-0.000586
2.575000,0.016742
2.577778,-0.019225
2.580556,0.000538
2.583333,0.011438
2.586111,0.012011
2.588889,-0.019093
2.591667,0.006489
2.594444,0.011094
2.597222,-0.003679
2.600000,-0.006778
2.602778,0.015766
2.605556,-0.005121
2.608333,0.010798
2.611111,0.019562
2.613889,-0.014270
2.616667,0.000769
2.619444,-0.017827
2.622222,-0.015936
2.625000,0.003812
2.627778,-0.000004
2.630556,0.000340
2.633333,0.007835
2.636111,-0.001054
2.638889,0.013159
2.641667,0.020606
2.644444,0.021551
2.647222,-0.008370
2.650000,0.016870
2.652778,0.027141
2.655556,-0.003785
2.658333,-0.004266
2.661111,0.009064
2.663889,0.040589
2.666667,0.025219
2.669444,0.031121
2.672222,0.066170
2.675000,0.044901
2.677778,0.070004
2.680556,0.094587
2.683333,0.085472
2.686111,0.115695
2.688889,0.148241
2.691667,0.174731
2.694444,0.172528
2.697222,0.211929
2.700000,0.214686
2.702778,0.240887
2.705556,0.260876
2.708333,0.253855
2.711111,0.294060
2.713889,0.299027
2.716667,0.288432
2.719444,0.303859
2.722222,0.282868
2.725000,0.299848
2.727778,0.283765
2.730556,0.281280
2.733333,0.273214
2.736111,0.226376
2.738889,0.211905
2.741667,0.192855
2.744444,0.203202
2.747222,0.182509
2.750000,0.158722
2.752778,0.136419
2.755556,0.115043
2.758333,0.091244
2.761111,0.070246
2.763889,0.064668
2.766667,0.033959
2.769444,0.049543
2.772222,0.021038
2.775000,0.030137
2.777778,0.026274
2.780556,0.033507
2.783333,-0.000597
2.786111,0.023157
2.788889,-0.005910
2.791667,-0.013651
2.794444,0.003475
2.797222,0.004700
2.800000,-0.003590
2.802778,0.014588
2.805556,0.012548
2.808333,-0.002187
2.811111,-0.010572
2.813889,0.002226
2.816667,0.010253
2.819444,-0.006331
2.822222,0.008274
2.825000,-0.011488
2.827778,0.012101
2.830556,0.001269
2.833333,-0.009597
2.836111,0.001334
2.838889,0.016792
2.841667,-0.015594
2.844444,-0.011092
2.847222,0.014388
2.850000,-0.005264
2.852778,0.008213
2.855556,0.002430
2.858333,-0.018149
2.861111,-0.010408
2.863889,0.007291
2.866667,-0.004302
2.869444,0.013351
2.872222,-0.012038
2.875000,0.015924
2.877778,-0.016787
2.880556,0.001673
2.883333,-0.001417
2.886111,-0.008629
2.888889,-0.007676
2.891667,-0.001052
2.894444,0.008962
2.897222,0.002049
2.900000,0.015118
2.902778,-0.001404
2.905556,0.018334
2.908333,-0.006723
2.911111,0.013220
2.913889,-0.014116
2.916667,0.001225
2.919444,0.015505
2.922222,-0.011771
2.925000,0.000689
2.927778,0.011091
2.930556,0.010029
2.933333,0.002284
2.936111,-0.019178
2.938889,-0.009405
2.941667,-0.017624
2.944444,0.007709
2.947222,0.001804
2.950000,0.019735
2.952778,-0.004879
2.955556,-0.000841
2.958333,0.002351
2.961111,0.000652
2.963889,-0.000967
2.966667,-0.006279
2.969444,-0.009503
2.972222,-0.007637
2.975000,-0.010678
2.977778,-0.000069
2.980556,-0.004312
2.983333,-0.009292
2.986111,-0.014356
2.988889,-0.018189
2.991667,-0.000751
2.994444,-0.016013
2.997222,-0.014900
3.000000,0.012475
3.002778,0.015264
3.005556,0.014134
3.008333,0.014895
3.011111,0.014110
3.013889,-0.016297
3.016667,-0.019305
3.019444,0.016292
3.022222,-0.001639
3.025000,-0.016350
3.027778,-0.007953
3.030556,-0.016861
3.033333,0.016900
3.036111,0.008873
3.038889,0.019737
3.041667,0.004822
3.044444,0.001657
3.047222,0.005200
3.050000,-0.012183
3.052778,-0.010565
3.055556,0.002452
3.058333,-0.009597
3.061111,-0.015412
3.063889,0.007886
3.066667,0.013908
3.069444,-0.015121
3.072222,-0.018023
3.075000,-0.013772
3.077778,-0.019982
3.080556,-0.000449
3.083333,-0.004583
3.086111,-0.007377
3.088889,-0.014441
3.091667,0.012108
3.094444,-0.008904
3.097222,0.005838
3.100000,0.005565
3.102778,-0.010066
3.105556,-0.016118
3.108333,-0.016260
3.111111,0.013724
3.113889,-0.016820
3.116667,-0.019428
3.119444,0.009732
3.122222,-0.012082
3.125000,-0.016693
3.127778,-0.001821
3.130556,-0.012278
3.133333,-0.016747
3.136111,-0.006889
3.138889,-0.013400
3.141667,0.001695
3.144444,-0.000667
3.147222,0.010090
3.150000,0.018453
3.152778,0.023365
3.155556,0.035813
3.158333,0.062187
3.161111,0.085848
3.163889,0.086127
3.166667,0.120939
3.169444,0.131167
3.172222,0.146275
3.175000,0.132004
3.177778,0.138298
3.180556,0.127288
3.183333,0.095522
3.186111,0.069231
3.188889,0.052026
3.191667,0.025190
3.194444,0.035817
3.197222,0.025779
3.200000,0.010051
3.202778,-0.011124
3.205556,0.016491
3.208333,-0.013692
3.211111,-0.014250
3.213889,0.008979
3.216667,0.015478
3.219444,-0.010504
3.222222,0.002370
3.225000,0.009212
3.227778,-0.006970
3.230556,-0.012067
3.233333,0.009423
3.236111,-0.005380
3.238889,-0.015899
3.241667,-0.006052
3.244444,-0.015446
3.247222,0.005526
3.250000,-0.017817
3.252778,0.015136
3.255556,-0.014590
3.258333,0.003031
3.261111,0.013531
3.263889,0.010210
3.266667,0.014820
3.269444,-0.013845
3.272222,-0.019586
3.275000,-0.005328
3.277778,-0.015609
3.280556,0.002267
3.283333,-0.019442
3.286111,-0.047286
3.288889,-0.079093
3.291667,-0.104938
3.294444,-0.097673
3.297222,-0.075657
3.300000,-0.056313
3.302778,-0.023435
3.305556,-0.008838
3.308333,-0.003547
3.311111,0.008182
3.313889,0.053253
3.316667,0.104627
3.319444,0.213115
3.322222,0.390950
3.325000,0.600458
3.327778,0.796339
3.330556,0.951173
3.333333,0.991937
3.336111,0.933643
3.338889,0.783431
3.341667,0.570999
3.344444,0.397257
3.347222,0.225427
3.350000,0.122836
3.352778,0.057555
3.355556,0.016428
3.358333,-0.014265
3.361111,-0.002521
3.363889,-0.021288
3.366667,-0.071955
3.369444,-0.136999
3.372222,-0.193785
3.375000,-0.182752
3.377778,-0.115897
3.380556,-0.066266
3.383333,-0.027139
3.386111,0.008457
3.388889,-0.002858
3.391667,0.007471
3.394444,0.016006
3.397222,0.016430
3.400000,0.001657
3.402778,-0.003705
3.405556,0.011194
3.408333,-0.009068
3.411111,-0.013729
3.413889,0.006943
3.416667,-0.013806
3.419444,-0.004595
3.422222,0.018281
3.425000,0.001284
3.427778,-0.009178
3.430556,0.010675
3.433333,0.008425
3.436111,0.007966
3.438889,-0.011118
3.441667,0.011466
3.444444,-0.015747
3.447222,-0.015902
3.450000,-0.000429
3.452778,-0.011379
3.455556,-0.001630
3.458333,0.016911
3.461111,-0.004214
3.463889,0.014477
3.466667,0.016063
3.469444,-0.002628
3.472222,-0.012747
3.475000,-0.008095
3.477778,0.009840
3.480556,0.020081
3.483333,0.004760
3.486111,-0.003720
3.488889,0.029738
3.491667,0.000780
3.494444,0.036817
3.497222,0.009611
3.500000,0.031362
3.502778,0.027885
3.505556,0.048048
3.508333,0.047611
3.511111,0.079369
3.513889,0.092313
3.516667,0.095217
3.519444,0.127437
3.522222,0.132493
3.525000,0.156049
3.527778,0.192763
3.530556,0.215485
3.533333,0.199116
3.536111,0.243978
3.538889,0.258923
3.541667,0.258114
3.544444,0.273902
3.547222,0.289599
3.550000,0.316456
3.552778,0.316343
3.555556,0.285785
3.558333,0.312940
3.561111,0.285753
3.563889,0.264241
3.566667,0.259026
3.569444,0.228049
3.572222,0.217909
3.575000,0.214525
3.577778,0.167240
3.580556,0.157390
3.583333,0.140218
3.586111,0.124551
3.588889,0.094224
3.591667,0.110970
3.594444,0.092361
3.597222,0.062173
3.600000,0.045955
3.602778,0.057466
3.605556,0.039943
3.608333,0.021399
3.611111,0.020341
3.613889,0.025937
3.616667,0.003073
3.619444,0.022787
3.622222,0.002325
3.625000,0.016384
3.627778,0.015177
3.630556,0.000330
3.633333,0.014318
3.636111,-0.018297
3.638889,0.015035
3.641667,0.007140
3.644444,0.015319
3.647222,-0.011808
3.650000,-0.016978
3.652778,0.005080
3.655556,0.001497
3.658333,0.003669
3.661111,0.008747
3.663889,0.011778
3.666667,-0.008276
3.669444,0.014606
3.672222,0.005690
3.675000,-0.001032
3.677778,0.009299
3.680556,-0.006915
3.683333,-0.008216
3.686111,0.018544
3.688889,0.018079
3.691667,0.010215
3.694444,0.014954
3.697222,-0.014781
3.700000,-0.013448
3.702778,0.009632
3.705556,0.011428
3.708333,-0.017292
3.711111,-0.001041
3.713889,-0.004846
3.716667,-0.015330
3.719444,0.018815
3.722222,-0.016081
3.725000,-0.001812
3.727778,-0.006787
3.730556,-0.003311
3.733333,0.009216
3.736111,-0.018558
3.738889,0.004589
3.741667,0.015031
3.744444,-0.018674
3.747222,0.018442
3.750000,0.009834
3.752778,-0.000854
3.755556,0.011913
3.758333,0.016120
3.761111,-0.014598
3.763889,0.016884
3.766667,0.013313
3.769444,0.001449
3.772222,0.009505
3.775000,0.017847
3.777778,-0.003001
3.780556,0.008914
3.783333,-0.016274
3.786111,0.000893
3.788889,0.007396
3.791667,-0.017983
3.794444,0.017452
3.797222,0.012104
3.800000,0.012202
3.802778,-0.006440
3.805556,0.000356
3.808333,-0.010328
3.811111,0.019379
3.813889,0.017069
3.816667,0.005644
3.819444,0.019297
3.822222,0.008189
3.825000,0.017428
3.827778,-0.016582
3.830556,0.006640
3.833333,-0.003120
3.836111,0.003574
3.838889,-0.015895
3.841667,-0.009622
3.844444,0.006394
3.847222,-0.017251
3.850000,-0.005164
3.852778,0.016048
3.855556,-0.001430
3.858333,-0.001294
3.861111,-0.008950
3.863889,-0.008497
3.866667,0.005767
3.869444,-0.012796
3.872222,0.016364
3.875000,0.018237
3.877778,-0.002295
3.880556,0.010885
3.883333,-0.016134
3.886111,-0.000811
3.888889,0.005254
3.891667,0.006018
3.894444,0.009435
3.897222,-0.008018
3.900000,-0.010058
3.902778,-0.006534
3.905556,-0.003802
3.908333,0.014055
3.911111,-0.007615
3.913889,-0.014141
3.916667,-0.015546
3.919444,0.012737
3.922222,-0.000425
3.925000,0.001106
3.927778,0.001868
3.930556,0.015585
3.933333,0.013557
3.936111,-0.006672
3.938889,0.014974
3.941667,0.007049
3.944444,0.001765
3.947222,-0.002918
3.950000,-0.009900
3.952778,0.010233
3.955556,-0.010528
3.958333,-0.006927
3.961111,0.014453
3.963889,0.011751
3.966667,0.015594
3.969444,-0.018266
3.972222,0.000485
3.975000,0.007009
3.977778,-0.014403
3.980556,-0.006995
3.983333,0.008163
3.986111,0.033843
3.988889,0.012523
3.991667,0.041013
3.994444,0.090511
3.997222,0.078801
4.000000,0.128110
4.002778,0.123541
4.005556,0.158135
4.008333,0.160542
4.011111,0.144760
4.013889,0.106374
4.016667,0.084162
4.019444,0.052924
4.022222,0.037494
4.025000,0.011817
4.027778,-0.000475
4.030556,0.023185
4.033333,0.018224
4.036111,0.000560
4.038889,0.013988
4.041667,-0.013320
4.044444,0.015147
4.047222,-0.007560
4.050000,-0.011504
4.052778,0.013662
4.055556,0.011216
4.058333,-0.015151
4.061111,-0.003908
4.063889,-0.000489
4.066667,-0.007983
4.069444,0.019799
4.072222,0.016551
4.075000,0.002066
4.077778,-0.001587
4.080556,-0.008685
4.083333,0.007109
4.086111,0.007788
4.088889,-0.000326
4.091667,0.006817
4.094444,0.013086
4.097222,-0.001055
4.100000,0.007553
4.102778,0.018312
4.105556,-0.002518
4.108333,-0.006351
4.111111,-0.002932
4.113889,-0.015048
4.116667,-0.025164
4.119444,-0.046354
4.122222,-0.066445
4.125000,-0.096259
4.127778,-0.092894
4.130556,-0.076073
4.133333,-0.045625
4.136111,-0.016775
4.138889,0.004194
4.141667,0.006941
4.144444,0.026014
4.147222,0.059923
4.150000,0.114330
4.152778,0.237198
4.155556,0.377886
4.158333,0.596019
4.161111,0.788599
4.163889,0.941650
4.166667,1.003191
4.169444,0.959999
4.172222,0.794362
4.175000,0.570049
4.177778,0.382949
4.180556,0.223551
4.183333,0.095348
4.186111,0.062967
4.188889,0.015329
4.191667,0.006620
4.194444,-0.007469
4.197222,-0.034033
4.200000,-0.097184
4.202778,-0.137338
4.205556,-0.205331
4.208333,-0.184766
4.211111,-0.138839
4.213889,-0.070765
4.216667,-0.024629
4.219444,-0.018558
4.222222,0.013514
4.225000,0.014949
4.227778,-0.019028
4.230556,-0.007746
4.233333,0.005604
4.236111,-0.013502
4.238889,0.016151
4.241667,-0.012653
4.244444,-0.005934
4.247222,0.006359
4.250000,0.009263
4.252778,-0.005033
4.255556,-0.005026
4.258333,-0.005113
4.261111,0.018446
4.263889,-0.013894
4.266667,0.016217
4.269444,0.003466
4.272222,0.008511
4.275000,0.007913
4.277778,-0.005924
4.280556,-0.009632
4.283333,0.016802
4.286111,-0.012327
4.288889,0.019023
4.291667,0.008840
4.294444,0.009632
4.297222,-0.003886
4.300000,-0.008858
4.302778,-0.012430
4.305556,-0.005736
4.308333,0.013678
4.311111,-0.000347
4.313889,0.007262
4.316667,-0.002211
4.319444,-0.008858
4.322222,0.021815
4.325000,0.019079
4.327778,0.035802
4.330556,0.015953
4.333333,0.041020
4.336111,0.018868
4.338889,0.062300
4.341667,0.047156
4.344444,0.056096
4.347222,0.066622
4.350000,0.120261
4.352778,0.139093
4.355556,0.156853
4.358333,0.150277
4.361111,0.183367
4.363889,0.205726
4.366667,0.200487
4.369444,0.252559
4.372222,0.235886
4.375000,0.256393
4.377778,0.297435
4.380556,0.293667
4.383333,0.283506
4.386111,0.319203
4.388889,0.293262
4.391667,0.306409
4.394444,0.284404
4.397222,0.260168
4.400000,0.270810
4.402778,0.243427
4.405556,0.208778
4.408333,0.208494
4.411111,0.202680
4.413889,0.150471
4.416667,0.140140
4.419444,0.121574
4.422222,0.118993
4.425000,0.080171
4.427778,0.077453
4.430556,0.064413
4.433333,0.041548
4.436111,0.039344
4.438889,0.014826
4.441667,0.014182
4.444444,0.032515
4.447222,0.033663
4.450000,0.000362
4.452778,0.021332
4.455556,0.000176
4.458333,-0.001062
4.461111,-0.012605
4.463889,0.002602
4.466667,-0.004626
4.469444,-0.009412
4.472222,0.016012
4.475000,-0.014199
4.477778,0.014582
4.480556,0.006758
4.483333,-0.012199
4.486111,0.009905
4.488889,0.017249
4.491667,0.019658
4.494444,-0.008625
4.497222,-0.019599
4.500000,-0.008877
4.502778,-0.018698
4.505556,-0.004409
4.508333,-0.016431
4.511111,0.013320
4.513889,-0.004431
4.516667,-0.007853
4.519444,0.012140
4.522222,0.010408
4.525000,-0.015118
4.527778,0.006033
4.530556,-0.011222
4.533333,-0.006281
4.536111,-0.014505
4.538889,0.014728
4.541667,-0.003021
4.544444,0.000059
4.547222,0.008288
4.550000,0.009315
4.552778,-0.011355
4.555556,0.008530
4.558333,-0.019429
4.561111,-0.001555
4.563889,0.001078
4.566667,-0.015485
4.569444,0.007496
4.572222,0.013292
4.575000,0.009981
4.577778,-0.019905
4.580556,0.002280
4.583333,0.005368
4.586111,-0.003896
4.588889,0.001435
4.591667,-0.000028
4.594444,-0.009800
4.597222,-0.007657
4.600000,-0.002896
4.602778,-0.016406
4.605556,0.011147
4.608333,0.014245
4.611111,-0.013461
4.613889,-0.008989
4.616667,0.017854
4.619444,0.009957
4.622222,-0.000276
4.625000,-0.003839
4.627778,0.018302
4.630556,-0.002843
4.633333,-0.013442
4.636111,-0.019057
4.638889,-0.011196
4.641667,0.008712
4.644444,0.002534
4.647222,0.005784
4.650000,0.012795
4.652778,0.014465
4.655556,-0.009537
4.658333,0.017020
4.661111,-0.007845
4.663889,-0.017283
4.666667,0.015215
4.669444,0.018864
4.672222,-0.009178
4.675000,0.005427
4.677778,0.000991
4.680556,0.019454
4.683333,0.012539
4.686111,0.014573
4.688889,0.014432
4.691667,0.010259
4.694444,0.014751
4.697222,-0.011308
4.700000,-0.008477
4.702778,0.000643
4.705556,-0.005379
4.708333,0.011023
4.711111,-0.018391
4.713889,-0.001616
4.716667,-0.015204
4.719444,0.009852
4.722222,-0.005781
4.725000,0.003071
4.727778,-0.019751
4.730556,0.003707
4.733333,-0.002970
4.736111,0.005325
4.738889,0.017650
4.741667,0.005393
4.744444,-0.017578
4.747222,-0.018909
4.750000,0.010234
4.752778,0.008212
4.755556,-0.000387
4.758333,-0.000827
4.761111,-0.015951
4.763889,0.011071
4.766667,-0.008545
4.769444,0.000797
4.772222,-0.002154
4.775000,0.010831
4.777778,0.019304
4.780556,-0.011883
4.783333,0.000430
4.786111,0.006146
4.788889,-0.015151
4.791667,-0.004105
4.794444,0.011568
4.797222,-0.010477
4.800000,0.005832
4.802778,0.007044
4.805556,0.007500
4.808333,0.000240
4.811111,-0.002211
4.813889,0.020604
4.816667,0.025011
4.819444,0.031762
4.822222,0.042358
4.825000,0.038593
4.827778,0.057305
4.830556,0.109229
4.833333,0.103266
4.836111,0.127486
4.838889,0.133692
4.841667,0.128218
4.844444,0.136547
4.847222,0.131051
4.850000,0.104824
4.852778,0.061692
4.855556,0.060616
4.858333,0.047079
4.861111,0.005111
4.863889,0.018237
4.866667,0.021653
4.869444,0.012969
4.872222,0.008746
4.875000,0.009089
4.877778,-0.014313
4.880556,-0.006674
4.883333,0.009687
4.886111,0.014556
4.888889,-0.006841
4.891667,0.003773
4.894444,0.001358
4.897222,-0.010598
4.900000,0.009430
4.902778,0.000452
4.905556,-0.013389
4.908333,0.016513
4.911111,0.018931
4.913889,0.005008
4.916667,-0.013763
4.919444,-0.008994
4.922222,-0.000827
4.925000,0.010204
4.927778,-0.019711
4.930556,0.001125
4.933333,-0.019073
4.936111,-0.009421
4.938889,-0.006597
4.941667,0.000232
4.944444,0.015271
4.947222,0.002055
4.950000,-0.008365
4.952778,-0.023584
4.955556,-0.075922
4.958333,-0.083737
4.961111,-0.096324
4.963889,-0.092161
4.966667,-0.036096
4.969444,-0.032833
4.972222,0.014265
4.975000,-0.007165
4.977778,0.040154
4.980556,0.048212
4.983333,0.124895
4.986111,0.214120
4.988889,0.386639
4.991667,0.597737
4.994444,0.774761
4.997222,0.948879
5.000000,0.991578
5.002778,0.938950
5.005556,0.790728
5.008333,0.587199
5.011111,0.380400
5.013889,0.213395
5.016667,0.128171
5.019444,0.043132
5.022222,0.004236
5.025000,-0.007694
5.027778,-0.001847
5.030556,-0.040863
5.033333,-0.078510
5.036111,-0.159352
5.038889,-0.180467
5.041667,-0.176619
5.044444,-0.128277
5.047222,-0.067218
5.050000,-0.021982
5.052778,-0.001423
5.055556,-0.019564
5.058333,0.003739
5.061111,-0.002933
5.063889,-0.013563
5.066667,0.013805
5.069444,-0.011040
5.072222,-0.003280
5.075000,0.007500
5.077778,-0.013672
5.080556,-0.005623
5.083333,0.008502
5.086111,0.011997
5.088889,0.016859
5.091667,-0.000644
5.094444,-0.007332
5.097222,-0.009713
5.100000,0.014336
5.102778,0.016435
5.105556,-0.012686
5.108333,-0.002402
5.111111,-0.008467
5.113889,-0.017963
5.116667,-0.003187
5.119444,-0.000992
5.122222,0.007292
5.125000,0.010665
5.127778,-0.007261
5.130556,-0.006647
5.133333,0.001132
5.136111,-0.010002
5.138889,0.020698
5.141667,0.004892
5.144444,-0.012437
5.147222,0.009595
5.150000,0.025365
5.152778,0.015643
5.155556,0.012061
5.158333,0.005400
5.161111,0.033624
5.163889,0.020227
5.166667,0.021513
5.169444,0.027405
5.172222,0.040919
5.175000,0.059649
5.177778,0.063275
5.180556,0.085890
5.183333,0.093496
5.186111,0.119603
5.188889,0.134175
5.191667,0.165326
5.194444,0.185338
5.197222,0.178631
5.200000,0.210735
5.202778,0.243868
5.205556,0.265511
5.208333,0.282927
5.211111,0.263420
5.213889,0.271392
5.216667,0.280842
5.219444,0.302744
5.222222,0.282520
5.225000,0.283699
5.227778,0.280624
5.230556,0.290020
5.233333,0.240820
5.236111,0.230086
5.238889,0.228426
5.241667,0.187474
5.244444,0.196909
5.247222,0.166363
5.250000,0.151324
5.252778,0.146084
5.255556,0.106615
5.258333,0.079390
5.261111,0.071692
5.263889,0.069366
5.266667,0.046257
5.269444,0.051883
5.272222,0.052259
5.275000,0.029159
5.277778,0.040017
5.280556,0.035384
5.283333,0.020190
5.286111,0.026447
5.288889,0.014151
5.291667,-0.006625
5.294444,0.013342
5.297222,-0.006153
5.300000,0.000059
5.302778,0.009317
5.305556,-0.012695
5.308333,0.007362
5.311111,0.014655
5.313889,-0.009605
5.316667,0.006880
5.319444,0.018838
5.322222,0.010301
5.325000,-0.009106
5.327778,-0.018808
5.330556,0.001383
5.333333,-0.005311
5.336111,0.002256
5.338889,0.017371
5.341667,0.018612
5.344444,-0.016055
5.347222,-0.012007
5.350000,-0.010319
5.352778,-0.000049
5.355556,-0.008364
5.358333,0.019501
5.361111,-0.014224
5.363889,0.003195
5.366667,-0.016176
5.369444,0.006867
5.372222,-0.006741
5.375000,0.000426
5.377778,0.002895
5.380556,-0.006616
5.383333,0.004614
5.386111,-0.008926
5.388889,-0.009007
5.391667,0.002943
5.394444,0.016347
5.397222,0.009916
5.400000,-0.009836
5.402778,-0.007966
5.405556,-0.003546
5.408333,-0.010566
5.411111,0.006583
5.413889,-0.007934
5.416667,0.009330
5.419444,0.012528
5.422222,-0.010748
5.425000,0.000975
5.427778,0.011875
5.430556,-0.018807
5.433333,0.011841
5.436111,0.010315
5.438889,-0.008317
5.441667,0.011388
5.444444,0.006002
5.447222,-0.002111
5.450000,0.013327
5.452778,-0.011212
5.455556,-0.009538
5.458333,0.001648
5.461111,0.013154
5.463889,0.018801
5.466667,0.015686
5.469444,-0.015807
5.472222,0.002812
5.475000,0.004609
5.477778,0.000976
5.480556,-0.017632
5.483333,-0.005479
5.486111,-0.004756
5.488889,0.016177
5.491667,-0.003693
5.494444,-0.008243
5.497222,-0.006786
5.500000,0.018705
5.502778,0.009216
5.505556,0.011488
5.508333,0.012202
5.511111,-0.000113
5.513889,-0.016147
5.516667,-0.003100
5.519444,0.017524
5.522222,-0.000231
5.525000,0.000399
5.527778,-0.015242
5.530556,0.004067
5.533333,-0.011708
5.536111,-0.013232
5.538889,-0.003740
5.541667,-0.012390
5.544444,-0.010876
5.547222,-0.014764
5.550000,0.009854
5.552778,0.003612
5.555556,0.012245
5.558333,0.004268
5.561111,-0.013411
5.563889,-0.006257
5.566667,-0.004376
5.569444,-0.019728
5.572222,-0.006022
5.575000,-0.002762
5.577778,0.007828
5.580556,-0.001972
5.583333,-0.000487
5.586111,0.012945
5.588889,-0.013560
5.591667,-0.005618
5.594444,0.006713
5.597222,0.003933
5.600000,0.000416
5.602778,0.016090
5.605556,-0.003517
5.608333,0.011592
5.611111,-0.007233
5.613889,-0.017484
5.616667,-0.013804
5.619444,-0.014879
5.622222,-0.018117
5.625000,0.001922
5.627778,-0.003559
5.630556,-0.009150
5.633333,-0.014986
5.636111,-0.008668
5.638889,0.014976
5.641667,0.017327
5.644444,0.021802
5.647222,0.003083
5.650000,0.015018
5.652778,0.033843
5.655556,0.044237
5.658333,0.036624
5.661111,0.056715
5.663889,0.104121
5.666667,0.114579
5.669444,0.147943
5.672222,0.130848
5.675000,0.161408
5.677778,0.136474
5.680556,0.124730
5.683333,0.091799
5.686111,0.047221
5.688889,0.028683
5.691667,0.035192
5.694444,0.012437
5.697222,0.009862
5.700000,-0.005641
5.702778,-0.008460
5.705556,-0.008036
5.708333,0.019785
5.711111,0.007109
5.713889,0.005921
5.716667,-0.016871
5.719444,0.011172
5.722222,-0.011096
5.725000,0.002415
5.727778,0.019560
5.730556,0.018991
5.733333,0.017361
5.736111,-0.000521
5.738889,-0.009213
5.741667,0.003828
5.744444,-0.009500
5.747222,0.002298
5.750000,-0.002802
5.752778,-0.001612
5.755556,0.008948
5.758333,-0.012536
5.761111,-0.015500
5.763889,0.004002
5.766667,0.008487
5.769444,-0.005773
5.772222,0.012791
5.775000,0.014269
5.777778,-0.006372
5.780556,-0.006317
5.783333,-0.025167
5.786111,-0.038256
5.788889,-0.062019
5.791667,-0.111110
5.794444,-0.116113
5.797222,-0.086290
5.800000,-0.028869
5.802778,-0.027237
5.805556,0.000863
5.808333,-0.003065
5.811111,0.029537
5.813889,0.048131
5.816667,0.096001
5.819444,0.214277
5.822222,0.376345
5.825000,0.582511
5.827778,0.787173
5.830556,0.959307
5.833333,1.017928
5.836111,0.934203
5.838889,0.783149
5.841667,0.586664
5.844444,0.390534
5.847222,0.235844
5.850000,0.104422
5.852778,0.056873
5.855556,0.025434
5.858333,-0.005018
5.861111,-0.003791
5.863889,-0.044104
5.866667,-0.081357
5.869444,-0.128601
5.872222,-0.196166
5.875000,-0.169192
5.877778,-0.150277
5.880556,-0.066586
5.883333,-0.010002
5.886111,-0.023420
5.888889,0.009108
5.891667,-0.016545
5.894444,0.005902
5.897222,-0.005599
5.900000,-0.008418
5.902778,0.018494
5.905556,-0.003597
5.908333,0.000335
5.911111,0.014720
5.913889,0.004659
5.916667,-0.006141
5.919444,-0.012950
5.922222,-0.003730
5.925000,-0.002248
5.927778,0.003602
5.930556,-0.004967
5.933333,-0.009203
5.936111,-0.009543
5.938889,-0.013630
5.941667,0.009635
5.944444,-0.003943
5.947222,0.011838
5.950000,-0.014242
5.952778,0.005083
5.955556,0.006773
5.958333,0.019736
5.961111,0.000513
5.963889,-0.016761
5.966667,0.010194
5.969444,-0.005216
5.972222,-0.002431
5.975000,0.019309
5.977778,-0.008545
5.980556,0.014931
5.983333,-0.008355
5.986111,0.015554
5.988889,0.029366
5.991667,0.004782
5.994444,0.023777
5.997222,0.037063
6.000000,0.028861
6.002778,0.021207
6.005556,0.029663
6.008333,0.041946
6.011111,0.057148
6.013889,0.070247
6.016667,0.112122
6.019444,0.121128
6.022222,0.137266
6.025000,0.144415
6.027778,0.177718
6.030556,0.199166
6.033333,0.229207
6.036111,0.225461
6.038889,0.264068
6.041667,0.283360
6.044444,0.275159
6.047222,0.295759
6.050000,0.302757
6.052778,0.280820
6.055556,0.288362
6.058333,0.299405
6.061111,0.302847
6.063889,0.292609
6.066667,0.248729
6.069444,0.258161
6.072222,0.240457
6.075000,0.202846
6.077778,0.187905
6.080556,0.180308
6.083333,0.143772
6.086111,0.141889
6.088889,0.126324
6.091667,0.100919
6.094444,0.077711
6.097222,0.082641
6.100000,0.037600
6.102778,0.033641
6.105556,0.047963
6.108333,0.023214
6.111111,0.006239
6.113889,0.012802
6.116667,0.024941
6.119444,0.026856
6.122222,0.015203
6.125000,-0.002808
6.127778,-0.013075
6.130556,-0.008867
6.133333,0.005448
6.136111,-0.012436
6.138889,0.012001
6.141667,0.011048
6.144444,0.004382
6.147222,0.011367
6.150000,-0.010604
6.152778,-0.018622
6.155556,-0.013468
6.158333,-0.016163
6.161111,0.018704
6.163889,-0.008902
6.166667,0.007781
6.169444,-0.011718
6.172222,-0.001390
6.175000,-0.013266
6.177778,-0.010687
6.180556,-0.011115
6.183333,0.012256
6.186111,0.017047
6.188889,-0.000703
6.191667,-0.007257
6.194444,-0.017265
6.197222,0.012540
6.200000,0.017245
6.202778,0.014795
6.205556,0.002559
6.208333,0.013207
6.211111,-0.001746
6.213889,-0.002954
6.216667,0.011799
6.219444,-0.016058
6.222222,-0.010172
6.225000,0.014913
6.227778,0.015301
6.230556,-0.003958
6.233333,-0.000184
6.236111,-0.009039
6.238889,0.011734
6.241667,-0.010845
6.244444,0.011447
6.247222,-0.019115
6.250000,-0.004072
6.252778,-0.003588
6.255556,0.015676
6.258333,-0.005445
6.261111,-0.000833
6.263889,0.019160
6.266667,-0.011296
6.269444,-0.004965
6.272222,-0.009429
6.275000,0.002055
6.277778,-0.001069
6.280556,-0.019688
6.283333,0.013400
6.286111,-0.013678
6.288889,-0.014648
6.291667,-0.001077
6.294444,0.001597
6.297222,-0.017681
6.300000,-0.006742
6.302778,-0.007772
6.305556,0.012940
6.308333,0.013017
6.311111,0.004755
6.313889,-0.013655
6.316667,0.006713
6.319444,-0.015808
6.322222,-0.017740
6.325000,0.013293
6.327778,-0.000635
6.330556,-0.016577
6.333333,-0.011548
6.336111,0.015551
6.338889,0.001123
6.341667,0.000002
6.344444,-0.009206
6.347222,0.012395
6.350000,-0.019271
6.352778,-0.005425
6.355556,0.019570
6.358333,-0.010108
6.361111,-0.001527
6.363889,-0.013823
6.366667,0.019659
6.369444,0.001495
6.372222,0.005182
6.375000,0.007994
6.377778,0.006657
6.380556,-0.006961
6.383333,0.019344
6.386111,-0.012991
6.388889,-0.015342
6.391667,-0.014799
6.394444,-0.002141
6.397222,-0.012133
6.400000,-0.001685
6.402778,0.019829
6.405556,0.005178
6.408333,0.005185
6.411111,0.016060
6.413889,-0.003854
6.416667,0.006181
6.419444,0.005124
6.422222,-0.016824
6.425000,0.006247
6.427778,0.016301
6.430556,0.005116
6.433333,-0.004774
6.436111,-0.014019
6.438889,0.002411
6.441667,0.003379
6.444444,0.007208
6.447222,-0.008636
6.450000,0.017243
6.452778,0.007521
6.455556,0.011802
6.458333,0.004324
6.461111,-0.002045
6.463889,0.010068
6.466667,-0.003804
6.469444,-0.002410
6.472222,-0.019075
6.475000,0.012036
6.477778,-0.014147
6.480556,-0.009964
6.483333,0.023696
6.486111,0.005222
6.488889,0.044365
6.491667,0.054517
6.494444,0.081671
6.497222,0.104690
6.500000,0.128389
6.502778,0.143490
6.505556,0.167114
6.508333,0.160760
6.511111,0.154441
6.513889,0.129515
6.516667,0.080944
6.519444,0.051908
6.522222,0.027025
6.525000,0.047121
6.527778,0.019718
6.530556,0.024404
6.533333,0.018749
6.536111,0.015278
6.538889,-0.011024
6.541667,-0.005922
6.544444,-0.000403
6.547222,0.000817
6.550000,-0.017303
6.552778,0.005362
6.555556,-0.014612
6.558333,0.014877
6.561111,-0.012466
6.563889,-0.011570
6.566667,0.014897
6.569444,-0.007147
6.572222,0.010102
6.575000,-0.015712
6.577778,-0.017638
6.580556,-0.013602
6.583333,-0.013429
6.586111,0.019547
6.588889,-0.014161
6.591667,-0.009818
6.594444,-0.015167
6.597222,-0.014422
6.600000,-0.012172
6.602778,-0.018833
6.605556,0.003736
6.608333,-0.011104
6.611111,0.002634
6.613889,-0.013156
6.616667,0.003812
6.619444,-0.043747
6.622222,-0.075115
6.625000,-0.084238
6.627778,-0.079235
6.630556,-0.076551
6.633333,-0.028905
6.636111,-0.034365
6.638889,0.015049
6.641667,0.012909
6.644444,0.024899
6.647222,0.070430
6.650000,0.107708
6.652778,0.231789
6.655556,0.379571
6.658333,0.569159
6.661111,0.772869
6.663889,0.945094
6.666667,0.987230
6.669444,0.951010
6.672222,0.788948
6.675000,0.596375
6.677778,0.382170
6.680556,0.204589
6.683333,0.116534
6.686111,0.044161
6.688889,0.021979
6.691667,0.016505
6.694444,-0.025388
6.697222,-0.039387
6.700000,-0.092237
6.702778,-0.152275
6.705556,-0.183848
6.708333,-0.181018
6.711111,-0.148722
6.713889,-0.070359
6.716667,-0.023838
6.719444,-0.012427
6.722222,0.005282
6.725000,0.014796
6.727778,0.010336
6.730556,-0.011649
6.733333,-0.006630
6.736111,-0.008042
6.738889,-0.008444
6.741667,-0.019898
6.744444,0.007023
6.747222,0.010993
6.750000,-0.005748
6.752778,0.002615
6.755556,-0.016803
6.758333,0.014598
6.761111,-0.007664
6.763889,0.011510
6.766667,0.003448
6.769444,-0.006168
6.772222,0.014737
6.775000,0.002445
6.777778,-0.012192
6.780556,-0.008844
6.783333,0.008920
6.786111,0.002388
6.788889,-0.002791
6.791667,0.008022
6.794444,0.011645
6.797222,0.010833
6.800000,0.020208
6.802778,-0.007646
6.805556,0.017810
6.808333,-0.014364
6.811111,0.003010
6.813889,0.023200
6.816667,0.005008
6.819444,0.027155
6.822222,0.007281
6.825000,0.024083
6.827778,0.005810
6.830556,0.009267
6.833333,0.032813
6.836111,0.019681
6.838889,0.054529
6.841667,0.064124
6.844444,0.078909
6.847222,0.094224
6.850000,0.087642
6.852778,0.131114
6.855556,0.123822
6.858333,0.148808
6.861111,0.188917
6.863889,0.210755
6.866667,0.227116
6.869444,0.238173
6.872222,0.273207
6.875000,0.253627
6.877778,0.289058
6.880556,0.302208
6.883333,0.297726
6.886111,0.308824
6.888889,0.315680
6.891667,0.301510
6.894444,0.302575
6.897222,0.288660
6.900000,0.254690
6.902778,0.262161
6.905556,0.229964
6.908333,0.188005
6.911111,0.198116
6.913889,0.166102
6.916667,0.142603
6.919444,0.109040
6.922222,0.114825
6.925000,0.103697
6.927778,0.088142
6.930556,0.067969
6.933333,0.052774
6.936111,0.042476
6.938889,0.043917
6.941667,0.041915
6.944444,0.019820
6.947222,0.019547
6.950000,-0.004882
6.952778,0.003153
6.955556,0.016282
6.958333,-0.012769
6.961111,0.012704
6.963889,0.021097
6.966667,0.005322
6.969444,0.006974
6.972222,0.001981
6.975000,-0.006153
6.977778,0.014390
6.980556,-0.001054
6.983333,0.019392
6.986111,-0.008992
6.988889,0.002044
6.991667,0.013316
6.994444,-0.014659
6.997222,0.017190
7.000000,0.008433
7.002778,-0.005675
7.005556,0.010188
7.008333,0.013996
7.011111,0.012009
7.013889,-0.002380
7.016667,-0.017546
7.019444,-0.011616
7.022222,-0.006367
7.025000,-0.000024
7.027778,-0.013084
7.030556,-0.002821
7.033333,-0.014782
7.036111,0.002560
7.038889,-0.019031
7.041667,0.007377
7.044444,-0.013030
7.047222,-0.006701
7.050000,0.003208
7.052778,0.008106
7.055556,-0.014871
7.058333,-0.018375
7.061111,0.000030
7.063889,-0.010965
7.066667,-0.002156
7.069444,0.016640
7.072222,0.012910
7.075000,0.008512
7.077778,-0.001192
7.080556,0.018325
7.083333,-0.016893
7.086111,-0.019987
7.088889,0.002587
7.091667,-0.011133
7.094444,-0.002138
7.097222,-0.013161
7.100000,-0.018718
7.102778,0.016256
7.105556,-0.017640
7.108333,0.010010
7.111111,-0.004228
7.113889,-0.001539
7.116667,-0.007690
7.119444,-0.012848
7.122222,0.009244
7.125000,-0.014578
7.127778,-0.017771
7.130556,-0.010664
7.133333,-0.009412
7.136111,0.018607
7.138889,-0.007235
7.141667,0.002614
7.144444,-0.009594
7.147222,0.003708
7.150000,-0.013533
7.152778,0.007041
7.155556,-0.013878
7.158333,-0.013293
7.161111,0.000833
7.163889,0.018993
7.166667,0.015185
7.169444,0.016740
7.172222,0.015378
7.175000,0.007505
7.177778,0.004319
7.180556,0.016213
7.183333,0.006572
7.186111,-0.010979
7.188889,-0.018045
7.191667,0.000718
7.194444,0.001027
7.197222,-0.016433
7.200000,0.007803
7.202778,-0.002937
7.205556,0.014861
7.208333,-0.008358
7.211111,0.015761
7.213889,0.003446
7.216667,-0.001631
7.219444,-0.005152
7.222222,0.016367
7.225000,-0.010364
7.227778,0.013624
7.230556,0.005050
7.233333,-0.019903
7.236111,0.002368
7.238889,-0.008905
7.241667,0.007104
7.244444,0.009921
7.247222,0.015598
7.250000,0.011792
7.252778,-0.000733
7.255556,0.010343
7.258333,-0.008979
7.261111,-0.005755
7.263889,0.012217
7.266667,-0.000201
7.269444,0.000752
7.272222,-0.009891
7.275000,-0.011410
7.277778,-0.000319
7.280556,0.012358
7.283333,0.011949
7.286111,0.004822
7.288889,-0.007194
7.291667,0.018973
7.294444,0.002170
7.297222,-0.013016
7.300000,0.016066
7.302778,-0.019020
7.305556,0.010739
7.308333,0.006643
7.311111,0.021267
7.313889,0.014219
7.316667,0.027240
7.319444,0.013852
7.322222,0.011587
7.325000,0.055268
7.327778,0.070276
7.330556,0.089873
7.333333,0.132518
7.336111,0.132009
7.338889,0.142594
7.341667,0.151460
7.344444,0.133672
7.347222,0.119782
7.350000,0.090716
7.352778,0.047746
7.355556,0.063941
7.358333,0.008069
7.361111,0.011160
7.363889,0.023431
7.366667,-0.009280
7.369444,0.020522
7.372222,0.018144
7.375000,-0.012506
7.377778,-0.012958
7.380556,-0.014411
7.383333,0.007391
7.386111,0.011092
7.388889,0.012990
7.391667,0.017264
7.394444,0.014904
7.397222,0.011317
7.400000,0.010847
7.402778,-0.012864
7.405556,0.008887
7.408333,-0.005895
7.411111,0.006245
7.413889,-0.019526
7.416667,0.019264
7.419444,-0.001787
7.422222,-0.013567
7.425000,0.010283
7.427778,-0.010138
7.430556,0.004804
7.433333,-0.007712
7.436111,-0.007762
7.438889,-0.000249
7.441667,0.011290
7.444444,0.016454
7.447222,-0.001663
7.450000,-0.023687
7.452778,-0.023884
7.455556,-0.084317
7.458333,-0.093030
7.461111,-0.106320
7.463889,-0.066208
7.466667,-0.052723
7.469444,-0.022974
7.472222,-0.014906
7.475000,0.025107
7.477778,0.033321
7.480556,0.052844
7.483333,0.102690
7.486111,0.233826
7.488889,0.368581
7.491667,0.585888
7.494444,0.768232
7.497222,0.941260
7.500000,1.007751
7.502778,0.924950
7.505556,0.800066
7.508333,0.599603
7.511111,0.389481
7.513889,0.214204
7.516667,0.099872
7.519444,0.058427
7.522222,0.033432
7.525000,-0.008595
7.527778,-0.003786
7.530556,-0.030352
7.533333,-0.069897
7.536111,-0.167760
7.538889,-0.191566
7.541667,-0.201670
7.544444,-0.148869
7.547222,-0.082507
7.550000,-0.014057
7.552778,-0.006610
7.555556,-0.015725
7.558333,-0.002467
7.561111,0.007648
7.563889,-0.013560
7.566667,0.006661
7.569444,0.007371
7.572222,-0.006386
7.575000,0.009418
7.577778,0.000063
7.580556,0.002540
7.583333,0.014994
7.586111,-0.011665
7.588889,0.014954
7.591667,0.007303
7.594444,0.003760
7.597222,-0.002837
7.600000,-0.012099
7.602778,0.018525
7.605556,0.017975
7.608333,0.002251
7.611111,0.002770
7.613889,-0.017593
7.616667,-0.009514
7.619444,-0.019608
7.622222,-0.017581
7.625000,-0.016877
7.627778,0.019189
7.630556,-0.014514
7.633333,0.004281
7.636111,-0.017412
7.638889,0.007441
7.641667,0.000097
7.644444,-0.016635
7.647222,0.002468
7.650000,-0.010567
7.652778,0.001286
7.655556,-0.008731
7.658333,0.009818
7.661111,0.010706
7.663889,0.013271
7.666667,0.034762
7.669444,0.036763
7.672222,0.040709
7.675000,0.068518
7.677778,0.079337
7.680556,0.090760
7.683333,0.090315
7.686111,0.138175
7.688889,0.127685
7.691667,0.150696
7.694444,0.195139
7.697222,0.179825
7.700000,0.199444
7.702778,0.225101
7.705556,0.270388
7.708333,0.285152
7.711111,0.293293
7.713889,0.277172
7.716667,0.307558
7.719444,0.303952
7.722222,0.296981
7.725000,0.312775
7.727778,0.303145
7.730556,0.281281
7.733333,0.270755
7.736111,0.243879
7.738889,0.217481
7.741667,0.210899
7.744444,0.174522
7.747222,0.161885
7.750000,0.164720
7.752778,0.132897
7.755556,0.118271
7.758333,0.104387
7.761111,0.071859
7.763889,0.071223
7.766667,0.047046
7.769444,0.026944
7.772222,0.037204
7.775000,0.011202
7.777778,0.032095
7.780556,0.018445
7.783333,0.005555
7.786111,0.012028
7.788889,-0.003888
7.791667,0.018459
7.794444,0.015597
7.797222,0.009627
7.800000,-0.006359
7.802778,-0.002896
7.805556,-0.018360
7.808333,-0.010687
7.811111,-0.014427
7.813889,0.006668
7.816667,0.020121
7.819444,-0.008368
7.822222,-0.017486
7.825000,0.016468
7.827778,0.010102
7.830556,0.009421
7.833333,0.019746
7.836111,0.000696
7.838889,-0.017282
7.841667,0.012549
7.844444,-0.002331
7.847222,0.004925
7.850000,-0.015227
7.852778,-0.003779
7.855556,-0.007030
7.858333,0.004746
7.861111,0.008557
7.863889,0.000757
7.866667,0.004357
7.869444,0.019472
7.872222,0.009003
7.875000,0.000053
7.877778,0.017779
7.880556,0.014127
7.883333,0.015113
7.886111,-0.007283
7.888889,0.016442
7.891667,-0.014101
7.894444,-0.008062
7.897222,-0.019090
7.900000,0.000450
7.902778,-0.006634
7.905556,0.017691
7.908333,-0.016192
7.911111,-0.006942
7.913889,-0.017987
7.916667,-0.016729
7.919444,-0.017117
7.922222,0.002024
7.925000,-0.015434
7.927778,0.013446
7.930556,0.005660
7.933333,-0.014193
7.936111,0.008893
7.938889,0.018266
7.941667,-0.006699
7.944444,-0.003782
7.947222,0.004813
7.950000,0.005310
7.952778,0.007887
7.955556,0.004203
7.958333,-0.009514
7.961111,0.012096
7.963889,0.009413
7.966667,0.002786
7.969444,-0.006706
7.972222,-0.014538
7.975000,0.012051
7.977778,0.012468
7.980556,-0.003453
7.983333,-0.000766
7.986111,-0.014500
7.988889,-0.002344
7.991667,-0.011350
7.994444,-0.016586
7.997222,0.008164
8.000000,0.015205
8.002778,-0.006136
8.005556,-0.003287
8.008333,0.002707
8.011111,0.013625
8.013889,0.014964
8.016667,0.016792
8.019444,-0.002717
8.022222,-0.013345
8.025000,0.006627
8.027778,0.004601
8.030556,-0.001695
8.033333,0.019711
8.036111,0.004716
8.038889,-0.010795
8.041667,-0.012514
8.044444,-0.012022
8.047222,-0.017968
8.050000,0.003159
8.052778,-0.007208
8.055556,0.009889
8.058333,-0.002446
8.061111,-0.007020
8.063889,0.007487
8.066667,0.003822
8.069444,-0.002068
8.072222,-0.019734
8.075000,0.006924
8.077778,0.002670
8.080556,-0.008654
8.083333,-0.010069
8.086111,0.011127
8.088889,0.017891
8.091667,0.018820
8.094444,-0.017820
8.097222,0.018020
8.100000,-0.008626
8.102778,-0.002515
8.105556,-0.003162
8.108333,-0.007746
8.111111,0.006567
8.113889,0.002599
8.116667,-0.018576
8.119444,-0.012650
8.122222,0.011576
8.125000,-0.004481
8.127778,-0.016102
8.130556,0.002245
8.133333,0.001411
8.136111,0.010604
8.138889,0.015229
8.141667,-0.002565
8.144444,0.008642
8.147222,-0.013164
8.150000,-0.007864
8.152778,-0.001548
8.155556,0.011965
8.158333,0.032119
8.161111,0.062157
8.163889,0.095309
8.166667,0.139582
8.169444,0.134576
8.172222,0.130390
8.175000,0.132773
8.177778,0.127155
8.180556,0.098634
8.183333,0.108898
8.186111,0.069221
8.188889,0.052370
8.191667,0.038737
8.194444,0.007309
8.197222,-0.003042
8.200000,0.005071
8.202778,-0.008550
8.205556,-0.011444
8.208333,-0.009253
8.211111,-0.006782
8.213889,-0.017568
8.216667,0.012170
8.219444,0.013821
8.222222,0.006844
8.225000,-0.014767
8.227778,-0.000179
8.230556,-0.006305
8.233333,-0.019391
8.236111,0.017326
8.238889,-0.008434
8.241667,0.016547
8.244444,0.012982
8.247222,0.013623
8.250000,0.010958
8.252778,0.013434
8.255556,-0.014788
8.258333,0.007199
8.261111,0.007097
8.263889,0.004796
8.266667,0.004918
8.269444,-0.015749
8.272222,-0.013454
8.275000,0.015096
8.277778,-0.005779
8.280556,-0.021820
8.283333,-0.000724
8.286111,-0.038336
8.288889,-0.078824
8.291667,-0.090583
8.294444,-0.112289
8.297222,-0.086116
8.300000,-0.034719
8.302778,-0.001903
8.305556,-0.016805
8.308333,0.020978
8.311111,0.009280
8.313889,0.039300
8.316667,0.098147
8.319444,0.215815
8.322222,0.364435
8.325000,0.566109
8.327778,0.784657
8.330556,0.954254
8.333333,0.985295
8.336111,0.935442
8.338889,0.787418
8.341667,0.565496
8.344444,0.400967
8.347222,0.226788
8.350000,0.101591
8.352778,0.066034
8.355556,0.009555
8.358333,0.020641
8.361111,-0.024564
8.363889,-0.047052
8.366667,-0.070224
8.369444,-0.155302
8.372222,-0.178758
8.375000,-0.199298
8.377778,-0.122587
8.380556,-0.088249
8.383333,-0.033305
8.386111,-0.008769
8.388889,0.009352
8.391667,0.017221
8.394444,-0.006266
8.397222,-0.018097
8.400000,0.006110
8.402778,0.005121
8.405556,0.003947
8.408333,0.007057
8.411111,0.012324
8.413889,0.006463
8.416667,-0.013226
8.419444,-0.004841
8.422222,0.009920
8.425000,-0.014864
8.427778,-0.005370
8.430556,-0.019026
8.433333,0.018100
8.436111,-0.007060
8.438889,-0.009579
8.441667,0.006516
8.444444,0.019626
8.447222,0.015725
8.450000,-0.006045
8.452778,0.019116
8.455556,0.015498
8.458333,-0.003897
8.461111,-0.008042
8.463889,-0.008699
8.466667,-0.013476
8.469444,-0.008024
8.472222,0.010331
8.475000,0.000680
8.477778,0.001662
8.480556,0.011790
8.483333,0.004504
8.486111,0.025153
8.488889,0.021981
8.491667,-0.005438
8.494444,0.035741
8.497222,0.040436
8.500000,0.032767
8.502778,0.056701
8.505556,0.062619
8.508333,0.078604
8.511111,0.085380
8.513889,0.079034
8.516667,0.084524
8.519444,0.103855
8.522222,0.135083
8.525000,0.168098
8.527778,0.186372
8.530556,0.183537
8.533333,0.216943
8.536111,0.242679
8.538889,0.246410
8.541667,0.270434
8.544444,0.263606
8.547222,0.284963
8.550000,0.305030
8.552778,0.305746
8.555556,0.291535
8.558333,0.312069
8.561111,0.280601
8.563889,0.276956
8.566667,0.259959
8.569444,0.243514
8.572222,0.224936
8.575000,0.219919
8.577778,0.200081
8.580556,0.180937
8.583333,0.163001
8.586111,0.134966
8.588889,0.106783
8.591667,0.108221
8.594444,0.065702
8.597222,0.054659
8.600000,0.047142
8.602778,0.060716
8.605556,0.044333
8.608333,0.014633
8.611111,0.026252
8.613889,0.001978
8.616667,0.008336
8.619444,-0.007015
8.622222,0.018427
8.625000,0.005400
8.627778,0.005575
8.630556,-0.006401
8.633333,-0.003362
8.636111,0.014649
8.638889,-0.003567
8.641667,-0.000461
8.644444,0.018790
8.647222,0.015570
8.650000,0.006384
8.652778,0.017711
8.655556,0.017355
8.658333,-0.010654
8.661111,-0.014656
8.663889,0.011680
8.666667,0.002858
8.669444,-0.004707
8.672222,-0.014146
8.675000,-0.012635
8.677778,-0.016057
8.680556,-0.017893
8.683333,-0.015042
8.686111,0.017300
8.688889,-0.004626
8.691667,-0.012359
8.694444,0.007792
8.697222,0.009566
8.700000,-0.006932
8.702778,-0.004787
8.705556,-0.008825
8.708333,0.001814
8.711111,0.019172
8.713889,-0.013442
8.716667,-0.004774
8.719444,-0.008701
8.722222,0.013218
8.725000,-0.008709
8.727778,0.003580
8.730556,0.001644
8.733333,0.018940
8.736111,0.008293
8.738889,0.019175
8.741667,-0.019679
8.744444,-0.015063
8.747222,-0.005506
8.750000,0.017219
8.752778,-0.005241
8.755556,-0.015805
8.758333,0.010115
8.761111,0.012269
8.763889,0.015125
8.766667,-0.015743
8.769444,-0.017285
8.772222,-0.001130
8.775000,0.011966
8.777778,0.015934
8.780556,-0.016946
8.783333,0.013219
8.786111,-0.011830
8.788889,-0.008066
8.791667,0.007628
8.794444,-0.012081
8.797222,-0.011453
8.800000,0.002853
8.802778,0.003205
8.805556,-0.007370
8.808333,-0.008713
8.811111,-0.013386
8.813889,-0.018135
8.816667,-0.018155
8.819444,0.011639
8.822222,0.007192
8.825000,-0.000816
8.827778,0.010226
8.830556,0.007982
8.833333,-0.019189
8.836111,-0.006650
8.838889,0.003472
8.841667,-0.005431
8.844444,0.014522
8.847222,0.001431
8.850000,-0.016783
8.852778,-0.018058
8.855556,-0.019522
8.858333,-0.011206
8.861111,0.007220
8.863889,-0.016646
8.866667,0.018997
8.869444,0.016148
8.872222,-0.009922
8.875000,0.019359
8.877778,-0.004194
8.880556,-0.000553
8.883333,0.010004
8.886111,-0.002968
8.888889,0.009710
8.891667,-0.015088
8.894444,-0.011073
8.897222,-0.016381
8.900000,-0.012379
8.902778,0.019750
8.905556,0.019259
8.908333,-0.018289
8.911111,0.010409
8.913889,-0.005722
8.916667,0.008670
8.919444,0.001862
8.922222,0.013713
8.925000,-0.010568
8.927778,-0.001235
8.930556,-0.008846
8.933333,0.010287
8.936111,0.011389
8.938889,0.003727
8.941667,0.019745
8.944444,-0.019042
8.947222,-0.017355
8.950000,0.008075
8.952778,-0.019919
8.955556,0.014379
8.958333,0.005449
8.961111,0.004359
8.963889,0.009034
8.966667,0.008979
8.969444,0.014497
8.972222,0.014616
8.975000,-0.003935
8.977778,0.012832
8.980556,0.001699
8.983333,0.020748
8.986111,0.004950
8.988889,0.036820
8.991667,0.060099
8.994444,0.059550
8.997222,0.088227
9.000000,0.139146
9.002778,0.136333
9.005556,0.150669
9.008333,0.156124
9.011111,0.130319
9.013889,0.107558
9.016667,0.094137
9.019444,0.080516
9.022222,0.042072
9.025000,0.014766
9.027778,0.025537
9.030556,0.003444
9.033333,-0.007002
9.036111,0.020804
9.038889,0.014146
9.041667,-0.008754
9.044444,-0.018522
9.047222,-0.014234
9.050000,0.018710
9.052778,-0.009431
9.055556,0.011880
9.058333,-0.011640
9.061111,0.006665
9.063889,-0.013767
9.066667,0.000186
9.069444,0.001753
9.072222,-0.019219
9.075000,-0.009136
9.077778,-0.017132
9.080556,-0.002461
9.083333,0.018572
9.086111,0.004523
9.088889,0.014686
9.091667,0.004457
9.094444,0.006103
9.097222,0.018423
9.100000,0.014147
9.102778,-0.001244
9.105556,-0.001894
9.108333,-0.018147
9.111111,-0.002637
9.113889,-0.003559
9.116667,-0.004560
9.119444,-0.017186
9.122222,-0.053304
9.125000,-0.104266
9.127778,-0.078376
9.130556,-0.054590
9.133333,-0.050587
9.136111,0.000449
9.138889,0.013403
9.141667,0.018761
9.144444,0.018135
9.147222,0.036354
9.150000,0.126366
9.152778,0.223107
9.155556,0.379857
9.158333,0.567515
9.161111,0.796412
9.163889,0.934838
9.166667,0.988964
9.169444,0.951506
9.172222,0.789738
9.175000,0.566290
9.177778,0.392579
9.180556,0.202669
9.183333,0.105059
9.186111,0.064417
9.188889,0.004179
9.191667,0.015173
9.194444,-0.015983
9.197222,-0.015833
9.200000,-0.101183
9.202778,-0.136262
9.205556,-0.191933
9.208333,-0.192004
9.211111,-0.141781
9.213889,-0.053520
9.216667,-0.032679
9.219444,-0.015393
9.222222,0.002332
9.225000,-0.012765
9.227778,-0.012073
9.230556,0.004756
9.233333,-0.015794
9.236111,0.006752
9.238889,-0.013351
9.241667,-0.006159
9.244444,0.008403
9.247222,0.008645
9.250000,-0.016655
9.252778,-0.015157
9.255556,0.012356
9.258333,-0.005100
9.261111,-0.006139
9.263889,-0.011519
9.266667,-0.012959
9.269444,0.009025
9.272222,0.007519
9.275000,-0.003935
9.277778,-0.006347
9.280556,0.017785
9.283333,-0.000928
9.286111,0.007526
9.288889,-0.000948
9.291667,-0.001328
9.294444,-0.002314
9.297222,-0.011162
9.300000,0.013255
9.302778,-0.011465
9.305556,0.001703
9.308333,-0.011344
9.311111,-0.001382
9.313889,-0.001706
9.316667,-0.010935
9.319444,0.014096
9.322222,0.019385
9.325000,0.004960
9.327778,0.003157
9.330556,0.043735
9.333333,0.023759
9.336111,0.037096
9.338889,0.043321
9.341667,0.063600
9.344444,0.068849
9.347222,0.094680
9.350000,0.097969
9.352778,0.116940
9.355556,0.137350
9.358333,0.143633
9.361111,0.195910
9.363889,0.206572
9.366667,0.203631
9.369444,0.223911
9.372222,0.252268
9.375000,0.284124
9.377778,0.268140
9.380556,0.299288
9.383333,0.289405
9.386111,0.296373
9.388889,0.300321
9.391667,0.283040
9.394444,0.274229
9.397222,0.256551
9.400000,0.249065
9.402778,0.242468
9.405556,0.235259
9.408333,0.206079
9.411111,0.197294
9.413889,0.161602
9.416667,0.154741
9.419444,0.117133
9.422222,0.116827
9.425000,0.089596
9.427778,0.062311
9.430556,0.059318
9.433333,0.064541
9.436111,0.053971
9.438889,0.038836
9.441667,0.031272
9.444444,0.021577
9.447222,0.035233
9.450000,0.030655
9.452778,0.010017
9.455556,-0.001188
9.458333,0.024560
9.461111,-0.011622
9.463889,-0.000722
9.466667,-0.018170
9.469444,0.004510
9.472222,-0.002918
9.475000,-0.000123
9.477778,-0.012196
9.480556,0.006898
9.483333,0.010226
9.486111,0.013165
9.488889,0.007291
9.491667,0.009292
9.494444,0.017437
9.497222,-0.005993
9.500000,-0.006314
9.502778,0.010794
9.505556,-0.004522
9.508333,-0.015010
9.511111,-0.008104
9.513889,0.000470
9.516667,0.015723
9.519444,-0.001724
9.522222,0.016073
9.525000,0.015111
9.527778,0.018868
9.530556,-0.005334
9.533333,-0.010893
9.536111,0.015280
9.538889,-0.009842
9.541667,-0.010276
9.544444,0.016836
9.547222,0.012111
9.550000,0.002403
9.552778,-0.002970
9.555556,-0.007457
9.558333,0.010727
9.561111,-0.012398
9.563889,0.011787
9.566667,0.008299
9.569444,-0.006879
9.572222,-0.012955
9.575000,0.015583
9.577778,-0.019267
9.580556,0.000429
9.583333,-0.003997
9.586111,0.011233
9.588889,0.001516
9.591667,0.004114
9.594444,0.010902
9.597222,-0.010582
9.600000,0.002747
9.602778,-0.006278
9.605556,-0.011238
9.608333,-0.003743
9.611111,0.000716
9.613889,0.010111
9.616667,-0.019569
9.619444,0.016333
9.622222,0.000596
9.625000,-0.018326
9.627778,0.007159
9.630556,0.004311
9.633333,-0.011262
9.636111,0.015246
9.638889,-0.011955
9.641667,0.013383
9.644444,-0.012599
9.647222,0.016992
9.650000,-0.005856
9.652778,-0.016168
9.655556,0.000125
9.658333,-0.014413
9.661111,-0.004674
9.663889,0.004339
9.666667,-0.006857
9.669444,0.018582
9.672222,-0.011023
9.675000,0.014504
9.677778,0.003314
9.680556,0.019319
9.683333,0.019242
9.686111,-0.013063
9.688889,-0.011428
9.691667,0.005362
9.694444,-0.017700
9.697222,-0.008220
9.700000,-0.009020
9.702778,-0.009187
9.705556,0.018000
9.708333,-0.003829
9.711111,-0.017542
9.713889,-0.007155
9.716667,-0.019274
9.719444,0.011835
9.722222,-0.006146
9.725000,-0.016374
9.727778,0.002687
9.730556,-0.013507
9.733333,0.015282
9.736111,0.002520
9.738889,0.000132
9.741667,0.012550
9.744444,0.018349
9.747222,0.003772
9.750000,-0.008012
9.752778,0.001686
9.755556,-0.015040
9.758333,-0.009879
9.761111,-0.019042
9.763889,-0.006563
9.766667,-0.006227
9.769444,0.014486
9.772222,-0.018938
9.775000,0.017157
9.777778,0.007646
9.780556,-0.008938
9.783333,-0.010044
9.786111,-0.005207
9.788889,-0.003295
9.791667,0.012560
9.794444,0.003398
9.797222,-0.005387
9.800000,-0.019907
9.802778,-0.001655
9.805556,0.010524
9.808333,-0.018458
9.811111,0.012939
9.813889,-0.011458
9.816667,0.015233
9.819444,0.000592
9.822222,0.011098
9.825000,-0.000485
9.827778,-0.007133
9.830556,0.002211
9.833333,0.008846
9.836111,-0.007904
9.838889,-0.009699
9.841667,-0.004806
9.844444,-0.001938
9.847222,-0.003321
9.850000,-0.010156
9.852778,0.016397
9.855556,-0.001952
9.858333,-0.003631
9.861111,-0.001877
9.863889,-0.011965
9.866667,0.011711
9.869444,-0.016031
9.872222,-0.009911
9.875000,0.001034
9.877778,-0.008026
9.880556,0.012379
9.883333,-0.016718
9.886111,0.007385
9.888889,-0.013441
9.891667,0.009283
9.894444,0.016780
9.897222,-0.013414
9.900000,0.008659
9.902778,-0.015729
9.905556,-0.017620
9.908333,0.008818
9.911111,0.010842
9.913889,-0.004676
9.916667,-0.018379
9.919444,0.016125
9.922222,0.006775
9.925000,-0.000785
9.927778,-0.006868
9.930556,0.018926
9.933333,0.007739
9.936111,0.019931
9.938889,0.017185
9.941667,0.016170
9.944444,-0.006496
9.947222,0.017139
9.950000,-0.010796
9.952778,0.015320
9.955556,0.007731
9.958333,0.016295
9.961111,0.015581
9.963889,-0.010283
9.966667,0.018330
9.969444,-0.011608
9.972222,0.010252
9.975000,-0.017541
9.977778,-0.012333
9.980556,0.005459
9.983333,-0.019370
9.986111,0.017298
9.988889,0.010777
9.991667,0.001974
9.994444,-0.011371
9.997222,0.004984
