time,EMG_Ch1
0.000000,-0.045609
0.001000,0.031835
0.002000,-0.014570
0.003000,-0.013500
0.004000,-0.021528
0.005000,-0.028337
0.006000,-0.034394
0.007000,0.008460
0.008000,-0.018750
0.009000,-0.036339
0.010000,0.031778
0.011000,-0.031555
0.012000,0.036562
0.013000,0.032749
0.014000,0.015021
0.015000,0.009813
0.016000,0.033071
0.017000,-0.000217
0.018000,0.049902
0.019000,-0.047090
0.020000,-0.041475
0.021000,0.006625
0.022000,-0.043937
0.023000,0.016739
0.024000,0.011922
0.025000,0.035374
0.026000,0.010678
0.027000,-0.028983
0.028000,-0.023479
0.029000,-0.013511
0.030000,-0.047985
0.031000,0.046627
0.032000,-0.020420
0.033000,0.004885
0.034000,-0.009702
0.035000,0.002514
0.036000,0.004114
0.037000,-0.039008
0.038000,-0.036518
0.039000,0.036327
0.040000,0.029986
0.041000,0.002784
0.042000,0.041343
0.043000,0.023386
0.044000,-0.015764
0.045000,-0.013211
0.046000,0.045644
0.047000,-0.040992
0.048000,-0.001926
0.049000,-0.008034
0.050000,0.005733
0.051000,0.018859
0.052000,-0.037015
0.053000,-0.010848
0.054000,0.007192
0.055000,-0.014126
0.056000,-0.047497
0.057000,0.037085
0.058000,0.021274
0.059000,-0.004962
0.060000,0.014069
0.061000,0.044779
0.062000,0.043346
0.063000,0.036210
0.064000,-0.043893
0.065000,-0.010952
0.066000,0.008661
0.067000,0.033744
0.068000,-0.014807
0.069000,0.049220
0.070000,-0.037287
0.071000,-0.039387
0.072000,-0.025179
0.073000,-0.026912
0.074000,-0.000110
0.075000,-0.016048
0.076000,-0.045492
0.077000,-0.014734
0.078000,0.024591
0.079000,0.012128
0.080000,0.028668
0.081000,0.009528
0.082000,0.042600
0.083000,0.006074
0.084000,0.027832
0.085000,0.042834
0.086000,0.004111
0.087000,-0.013999
0.088000,0.002579
0.089000,0.025393
0.090000,-0.037354
0.091000,0.039801
0.092000,-0.014880
0.093000,0.046389
0.094000,-0.018446
0.095000,0.016395
0.096000,0.016273
0.097000,0.003187
0.098000,0.017307
0.099000,0.003894
0.100000,-0.044750
0.101000,-0.026783
0.102000,0.007970
0.103000,0.045852
0.104000,0.014943
0.105000,-0.033968
0.106000,-0.039063
0.107000,-0.039736
0.108000,-0.018109
0.109000,0.048049
0.110000,0.005663
0.111000,-0.042431
0.112000,0.000162
0.113000,0.007250
0.114000,0.021001
0.115000,0.014845
0.116000,-0.022298
0.117000,0.003128
0.118000,0.003619
0.119000,-0.036295
0.120000,0.000321
0.121000,0.046002
0.122000,0.004604
0.123000,-0.047181
0.124000,0.008830
0.125000,-0.025704
0.126000,-0.015130
0.127000,0.032196
0.128000,-0.031503
0.129000,0.028111
0.130000,-0.045392
0.131000,-0.021053
0.132000,0.039549
0.133000,0.036855
0.134000,-0.041551
0.135000,0.033114
0.136000,0.002183
0.137000,-0.047198
0.138000,-0.037630
0.139000,0.001341
0.140000,-0.001750
0.141000,-0.028317
0.142000,-0.002816
0.143000,-0.003784
0.144000,0.027249
0.145000,-0.045257
0.146000,-0.015162
0.147000,-0.047374
0.148000,0.018525
0.149000,0.047499
0.150000,-0.026302
0.151000,0.018568
0.152000,0.023059
0.153000,0.023137
0.154000,-0.015962
0.155000,0.004690
0.156000,-0.018770
0.157000,-0.035894
0.158000,0.027078
0.159000,-0.043736
0.160000,-0.023088
0.161000,0.014233
0.162000,0.045023
0.163000,-0.042205
0.164000,0.021613
0.165000,0.040252
0.166000,0.008839
0.167000,-0.015943
0.168000,-0.000139
0.169000,0.039189
0.170000,0.000666
0.171000,0.030129
0.172000,0.019845
0.173000,-0.034607
0.174000,0.015633
0.175000,0.011972
0.176000,-0.025334
0.177000,0.012231
0.178000,0.048310
0.179000,-0.035750
0.180000,-0.036611
0.181000,0.030126
0.182000,0.010973
0.183000,0.024899
0.184000,0.048269
0.185000,-0.015148
0.186000,-0.003902
0.187000,-0.030020
0.188000,0.013863
0.189000,0.012734
0.190000,0.003406
0.191000,-0.043434
0.192000,-0.022344
0.193000,-0.037924
0.194000,0.010173
0.195000,0.028305
0.196000,-0.015407
0.197000,-0.034742
0.198000,0.024276
0.199000,-0.015248
0.200000,-0.032583
0.201000,0.007162
0.202000,-0.003543
0.203000,0.001659
0.204000,-0.010451
0.205000,0.007494
0.206000,0.006429
0.207000,0.039512
0.208000,0.019818
0.209000,-0.030283
0.210000,0.015630
0.211000,0.033334
0.212000,0.044425
0.213000,-0.026891
0.214000,0.022559
0.215000,-0.041929
0.216000,0.039843
0.217000,0.019004
0.218000,-0.039481
0.219000,0.044263
0.220000,0.047264
0.221000,0.035285
0.222000,-0.020967
0.223000,0.007855
0.224000,0.016909
0.225000,0.024240
0.226000,-0.032431
0.227000,0.033483
0.228000,0.040750
0.229000,0.042840
0.230000,-0.013791
0.231000,-0.036786
0.232000,0.038549
0.233000,0.003769
0.234000,-0.013104
0.235000,-0.026154
0.236000,0.021914
0.237000,-0.031493
0.238000,0.046974
0.239000,0.045298
0.240000,-0.049668
0.241000,0.046994
0.242000,0.022933
0.243000,0.037665
0.244000,0.013644
0.245000,0.003692
0.246000,0.046066
0.247000,0.032124
0.248000,0.001084
0.249000,0.041197
0.250000,-0.044486
0.251000,-0.012276
0.252000,-0.043055
0.253000,-0.041688
0.254000,-0.025204
0.255000,-0.010410
0.256000,-0.030432
0.257000,-0.042549
0.258000,-0.027358
0.259000,0.040221
0.260000,-0.028745
0.261000,-0.014104
0.262000,0.021576
0.263000,-0.027095
0.264000,-0.048808
0.265000,0.049966
0.266000,-0.036239
0.267000,0.015094
0.268000,-0.032529
0.269000,-0.044100
0.270000,-0.025703
0.271000,-0.014619
0.272000,0.011639
0.273000,0.003821
0.274000,0.014426
0.275000,-0.028343
0.276000,-0.029386
0.277000,0.028013
0.278000,-0.031502
0.279000,0.007804
0.280000,0.039552
0.281000,0.047307
0.282000,-0.029756
0.283000,0.015231
0.284000,0.010636
0.285000,0.022276
0.286000,0.000710
0.287000,0.015208
0.288000,0.038347
0.289000,-0.004881
0.290000,-0.033454
0.291000,-0.019901
0.292000,-0.002791
0.293000,0.004093
0.294000,0.029472
0.295000,-0.027259
0.296000,0.022213
0.297000,-0.044792
0.298000,0.037567
0.299000,-0.043389
0.300000,-0.037518
0.301000,-0.044560
0.302000,-0.045262
0.303000,-0.013719
0.304000,0.004286
0.305000,-0.023403
0.306000,-0.044622
0.307000,-0.036479
0.308000,0.046655
0.309000,0.024570
0.310000,0.009601
0.311000,0.038348
0.312000,-0.026730
0.313000,-0.030078
0.314000,0.039139
0.315000,0.036722
0.316000,0.001425
0.317000,0.026635
0.318000,-0.022181
0.319000,0.013241
0.320000,-0.029401
0.321000,-0.049039
0.322000,0.035030
0.323000,0.028731
0.324000,-0.047515
0.325000,-0.049929
0.326000,-0.003529
0.327000,-0.020694
0.328000,-0.044474
0.329000,-0.010331
0.330000,0.030523
0.331000,0.026267
0.332000,-0.029980
0.333000,0.029176
0.334000,0.004633
0.335000,-0.002500
0.336000,-0.023055
0.337000,0.039383
0.338000,0.031562
0.339000,0.003772
0.340000,0.033555
0.341000,0.019174
0.342000,0.046536
0.343000,-0.040717
0.344000,-0.021372
0.345000,-0.037291
0.346000,-0.002084
0.347000,0.022398
0.348000,-0.018529
0.349000,-0.004036
0.350000,0.008802
0.351000,0.036170
0.352000,-0.034315
0.353000,0.030624
0.354000,0.013349
0.355000,-0.009997
0.356000,-0.018289
0.357000,0.041263
0.358000,0.009419
0.359000,-0.005664
0.360000,-0.026243
0.361000,0.026550
0.362000,0.027822
0.363000,-0.024196
0.364000,-0.046959
0.365000,0.044133
0.366000,-0.017912
0.367000,0.049774
0.368000,-0.027127
0.369000,-0.009244
0.370000,0.048669
0.371000,0.000697
0.372000,-0.032902
0.373000,0.003564
0.374000,-0.013086
0.375000,0.043846
0.376000,-0.029017
0.377000,0.044527
0.378000,-0.008496
0.379000,0.045766
0.380000,-0.021856
0.381000,-0.016527
0.382000,-0.023291
0.383000,0.038312
0.384000,0.013140
0.385000,-0.046959
0.386000,0.001476
0.387000,0.030247
0.388000,-0.040071
0.389000,0.018204
0.390000,0.027493
0.391000,-0.029390
0.392000,-0.034802
0.393000,-0.045095
0.394000,0.031007
0.395000,-0.043682
0.396000,0.002204
0.397000,-0.016061
0.398000,-0.027720
0.399000,0.004091
0.400000,-0.036133
0.401000,-0.022043
0.402000,-0.037001
0.403000,0.007682
0.404000,0.045238
0.405000,0.003910
0.406000,-0.035004
0.407000,0.045559
0.408000,-0.023954
0.409000,0.022314
0.410000,0.019675
0.411000,0.031377
0.412000,0.015763
0.413000,0.011999
0.414000,-0.028082
0.415000,-0.024279
0.416000,0.006537
0.417000,-0.005528
0.418000,0.048236
0.419000,-0.000971
0.420000,-0.025056
0.421000,-0.020295
0.422000,-0.038791
0.423000,0.013339
0.424000,0.015221
0.425000,-0.027399
0.426000,-0.016789
0.427000,-0.009676
0.428000,-0.001743
0.429000,-0.010112
0.430000,0.025606
0.431000,0.012468
0.432000,-0.021784
0.433000,-0.047712
0.434000,0.033620
0.435000,-0.019485
0.436000,0.041427
0.437000,-0.047818
0.438000,-0.041060
0.439000,-0.005661
0.440000,0.016528
0.441000,-0.029903
0.442000,-0.049067
0.443000,-0.001214
0.444000,0.012432
0.445000,0.000228
0.446000,0.005778
0.447000,-0.010371
0.448000,0.004598
0.449000,0.048431
0.450000,-0.018623
0.451000,-0.037083
0.452000,0.022663
0.453000,-0.041349
0.454000,-0.049128
0.455000,0.026240
0.456000,0.004034
0.457000,0.044023
0.458000,0.018378
0.459000,-0.024762
0.460000,0.043204
0.461000,0.038374
0.462000,-0.031330
0.463000,0.023208
0.464000,0.015222
0.465000,-0.040077
0.466000,-0.042598
0.467000,0.006402
0.468000,-0.029601
0.469000,0.004546
0.470000,-0.022236
0.471000,-0.023340
0.472000,0.023643
0.473000,0.010743
0.474000,0.046131
0.475000,0.048040
0.476000,0.039741
0.477000,0.047780
0.478000,0.046225
0.479000,-0.025444
0.480000,-0.030123
0.481000,0.049357
0.482000,-0.012007
0.483000,-0.033790
0.484000,-0.041217
0.485000,0.010109
0.486000,0.024195
0.487000,-0.028905
0.488000,0.035918
0.489000,0.023195
0.490000,0.012349
0.491000,0.011328
0.492000,0.018920
0.493000,0.034497
0.494000,-0.028016
0.495000,0.009483
0.496000,-0.023500
0.497000,0.021240
0.498000,0.018721
0.499000,0.004641
0.500000,-0.723374
0.501000,0.427693
0.502000,-0.747015
0.503000,-0.448287
0.504000,-0.713687
0.505000,-0.651344
0.506000,0.398767
0.507000,0.516440
0.508000,-0.005962
0.509000,-0.241835
0.510000,-0.278531
0.511000,0.538432
0.512000,-0.260042
0.513000,0.683195
0.514000,0.083425
0.515000,0.004092
0.516000,-0.620125
0.517000,-0.205027
0.518000,-0.184389
0.519000,0.623473
0.520000,-0.048607
0.521000,-0.158954
0.522000,-0.021785
0.523000,0.006246
0.524000,0.578568
0.525000,0.551389
0.526000,-0.034079
0.527000,-0.086124
0.528000,0.677539
0.529000,0.522886
0.530000,0.423010
0.531000,0.484416
0.532000,-0.596993
0.533000,0.635978
0.534000,0.486061
0.535000,-0.269736
0.536000,0.505779
0.537000,0.271067
0.538000,0.673984
0.539000,-0.200483
0.540000,0.733766
0.541000,0.087764
0.542000,0.045208
0.543000,0.433333
0.544000,0.235666
0.545000,0.603762
0.546000,0.259893
0.547000,0.104159
0.548000,-0.155115
0.549000,-0.266479
0.550000,-0.762733
0.551000,-0.032364
0.552000,0.521724
0.553000,0.403500
0.554000,-0.045375
0.555000,0.307064
0.556000,-0.116952
0.557000,-0.680436
0.558000,-0.221842
0.559000,0.487643
0.560000,0.649742
0.561000,0.660716
0.562000,-0.347224
0.563000,-0.076556
0.564000,0.451444
0.565000,0.107025
0.566000,-0.526635
0.567000,-0.064241
0.568000,0.295260
0.569000,-0.604452
0.570000,0.164953
0.571000,-0.268680
0.572000,-0.411805
0.573000,0.662266
0.574000,0.429452
0.575000,0.494467
0.576000,0.372768
0.577000,0.411177
0.578000,0.385704
0.579000,-0.295876
0.580000,-0.766659
0.581000,0.431485
0.582000,-0.720976
0.583000,0.075166
0.584000,0.782384
0.585000,-0.529982
0.586000,0.314244
0.587000,0.114951
0.588000,0.525636
0.589000,0.341409
0.590000,0.625368
0.591000,-0.108934
0.592000,0.625670
0.593000,-0.250826
0.594000,-0.669997
0.595000,0.141746
0.596000,0.290925
0.597000,-0.616003
0.598000,0.670969
0.599000,-0.418968
0.600000,0.573335
0.601000,-0.744870
0.602000,-0.620470
0.603000,-0.325019
0.604000,0.122138
0.605000,0.612401
0.606000,0.531113
0.607000,0.105433
0.608000,0.531669
0.609000,-0.495102
0.610000,-0.134707
0.611000,-0.006130
0.612000,-0.150257
0.613000,-0.612396
0.614000,-0.117805
0.615000,-0.095851
0.616000,0.511930
0.617000,-0.417486
0.618000,-0.438233
0.619000,-0.442293
0.620000,0.628853
0.621000,0.675561
0.622000,-0.142026
0.623000,-0.488312
0.624000,0.389316
0.625000,-0.165347
0.626000,0.195169
0.627000,0.424352
0.628000,0.392221
0.629000,-0.066391
0.630000,0.271297
0.631000,0.698682
0.632000,-0.223759
0.633000,0.288481
0.634000,0.113654
0.635000,0.689749
0.636000,-0.511569
0.637000,-0.715820
0.638000,0.358863
0.639000,0.379625
0.640000,0.229536
0.641000,-0.107645
0.642000,-0.047297
0.643000,-0.175681
0.644000,0.160637
0.645000,0.077663
0.646000,-0.519037
0.647000,-0.148895
0.648000,-0.617342
0.649000,0.057885
0.650000,-0.773004
0.651000,-0.518226
0.652000,-0.417973
0.653000,0.268335
0.654000,-0.157703
0.655000,-0.399094
0.656000,0.301804
0.657000,0.491562
0.658000,0.238873
0.659000,0.038383
0.660000,-0.557785
0.661000,0.152597
0.662000,0.604926
0.663000,-0.319397
0.664000,-0.402461
0.665000,-0.758587
0.666000,0.476480
0.667000,-0.410283
0.668000,-0.404087
0.669000,0.224633
0.670000,0.771323
0.671000,0.645374
0.672000,0.140936
0.673000,-0.272871
0.674000,-0.333294
0.675000,-0.468694
0.676000,0.694417
0.677000,-0.216165
0.678000,0.112386
0.679000,0.027433
0.680000,-0.577037
0.681000,-0.409222
0.682000,0.080164
0.683000,-0.543317
0.684000,-0.377557
0.685000,-0.409332
0.686000,-0.671278
0.687000,-0.442420
0.688000,-0.538317
0.689000,0.665653
0.690000,0.165811
0.691000,-0.402510
0.692000,0.375561
0.693000,0.286562
0.694000,0.209848
0.695000,-0.191898
0.696000,0.474353
0.697000,0.592079
0.698000,-0.532682
0.699000,-0.267385
0.700000,-0.491823
0.701000,-0.338827
0.702000,-0.769892
0.703000,-0.625167
0.704000,0.205468
0.705000,0.629336
0.706000,0.349069
0.707000,-0.243395
0.708000,0.699642
0.709000,0.375189
0.710000,0.339461
0.711000,-0.602270
0.712000,-0.323782
0.713000,0.185668
0.714000,-0.573231
0.715000,-0.485474
0.716000,0.301807
0.717000,0.674165
0.718000,0.442535
0.719000,-0.233618
0.720000,0.674093
0.721000,-0.284456
0.722000,-0.571504
0.723000,-0.040526
0.724000,0.334636
0.725000,0.362605
0.726000,-0.358212
0.727000,0.415485
0.728000,0.057587
0.729000,-0.302294
0.730000,0.138960
0.731000,0.682253
0.732000,-0.223599
0.733000,0.738430
0.734000,0.465114
0.735000,0.032686
0.736000,0.756074
0.737000,0.472910
0.738000,-0.126947
0.739000,0.060719
0.740000,-0.263623
0.741000,-0.748565
0.742000,0.601040
0.743000,0.555057
0.744000,0.086195
0.745000,-0.659697
0.746000,0.262054
0.747000,-0.021777
0.748000,0.463413
0.749000,-0.702024
0.750000,-0.623606
0.751000,0.188417
0.752000,0.154542
0.753000,0.533328
0.754000,0.599500
0.755000,-0.600884
0.756000,-0.732192
0.757000,-0.012529
0.758000,-0.715944
0.759000,0.394709
0.760000,-0.624667
0.761000,0.133830
0.762000,0.133055
0.763000,-0.307396
0.764000,0.526040
0.765000,-0.283104
0.766000,-0.243914
0.767000,-0.624367
0.768000,0.171530
0.769000,0.701941
0.770000,-0.461501
0.771000,0.110132
0.772000,-0.592603
0.773000,-0.454803
0.774000,-0.752556
0.775000,0.403227
0.776000,-0.183404
0.777000,0.723186
0.778000,0.375363
0.779000,-0.324860
0.780000,0.130606
0.781000,-0.738868
0.782000,0.785473
0.783000,-0.539386
0.784000,-0.283830
0.785000,0.361367
0.786000,-0.709852
0.787000,-0.148430
0.788000,-0.342672
0.789000,-0.045207
0.790000,0.711805
0.791000,0.133836
0.792000,-0.591176
0.793000,0.436498
0.794000,0.704161
0.795000,0.509864
0.796000,-0.238388
0.797000,0.249071
0.798000,0.329272
0.799000,-0.605614
0.800000,-0.194200
0.801000,0.536815
0.802000,0.127235
0.803000,-0.387176
0.804000,-0.520422
0.805000,0.517654
0.806000,-0.354917
0.807000,0.485333
0.808000,-0.514523
0.809000,-0.591957
0.810000,0.336161
0.811000,-0.100851
0.812000,-0.756397
0.813000,0.373942
0.814000,-0.711099
0.815000,0.307188
0.816000,0.670530
0.817000,-0.613331
0.818000,0.254970
0.819000,-0.316187
0.820000,-0.454636
0.821000,-0.688082
0.822000,0.014794
0.823000,-0.315303
0.824000,-0.220256
0.825000,-0.466618
0.826000,0.216093
0.827000,-0.385429
0.828000,-0.388473
0.829000,0.072834
0.830000,0.310394
0.831000,0.128819
0.832000,0.419212
0.833000,0.196664
0.834000,0.210230
0.835000,0.008668
0.836000,0.041958
0.837000,0.370803
0.838000,-0.645145
0.839000,0.092519
0.840000,-0.268012
0.841000,0.063463
0.842000,0.032277
0.843000,-0.083706
0.844000,0.635816
0.845000,0.649944
0.846000,0.451592
0.847000,0.035608
0.848000,-0.420939
0.849000,0.234535
0.850000,0.280112
0.851000,0.685771
0.852000,-0.628155
0.853000,0.422493
0.854000,-0.412655
0.855000,0.332671
0.856000,0.578663
0.857000,0.377006
0.858000,-0.091552
0.859000,0.071333
0.860000,-0.063359
0.861000,-0.400901
0.862000,0.763000
0.863000,0.158149
0.864000,-0.064555
0.865000,-0.373834
0.866000,-0.195879
0.867000,-0.690119
0.868000,-0.569751
0.869000,0.406414
0.870000,-0.129013
0.871000,-0.615251
0.872000,-0.589086
0.873000,-0.422887
0.874000,-0.155540
0.875000,0.500048
0.876000,0.330373
0.877000,0.697786
0.878000,0.024234
0.879000,0.685666
0.880000,-0.520952
0.881000,-0.748284
0.882000,0.537556
0.883000,0.076755
0.884000,0.631701
0.885000,-0.275646
0.886000,0.406531
0.887000,0.049769
0.888000,-0.401754
0.889000,-0.124907
0.890000,0.408250
0.891000,0.463013
0.892000,-0.316176
0.893000,-0.751065
0.894000,-0.044989
0.895000,-0.317220
0.896000,0.424561
0.897000,0.661777
0.898000,0.284422
0.899000,-0.412169
0.900000,0.043486
0.901000,-0.024071
0.902000,-0.033776
0.903000,-0.013109
0.904000,-0.045353
0.905000,0.032113
0.906000,0.011114
0.907000,0.010645
0.908000,-0.027874
0.909000,-0.016910
0.910000,-0.003462
0.911000,-0.007130
0.912000,-0.005667
0.913000,-0.047918
0.914000,0.033439
0.915000,0.001582
0.916000,0.024651
0.917000,-0.004805
0.918000,0.037710
0.919000,-0.025403
0.920000,-0.020765
0.921000,0.016985
0.922000,-0.033052
0.923000,0.014804
0.924000,-0.029460
0.925000,-0.010565
0.926000,0.008883
0.927000,0.041877
0.928000,-0.036057
0.929000,0.038535
0.930000,0.008585
0.931000,-0.031093
0.932000,-0.043988
0.933000,0.045174
0.934000,0.030629
0.935000,-0.009841
0.936000,-0.000489
0.937000,-0.045861
0.938000,-0.003412
0.939000,-0.047868
0.940000,0.011016
0.941000,-0.015834
0.942000,-0.022477
0.943000,0.043145
0.944000,0.023765
0.945000,0.033873
0.946000,0.044861
0.947000,0.026652
0.948000,-0.008690
0.949000,0.001703
0.950000,0.034917
0.951000,-0.005479
0.952000,-0.032533
0.953000,-0.047489
0.954000,0.020039
0.955000,-0.020061
0.956000,-0.006259
0.957000,-0.015974
0.958000,0.006307
0.959000,0.039133
0.960000,-0.000218
0.961000,0.015059
0.962000,-0.019784
0.963000,-0.046212
0.964000,0.024512
0.965000,0.006606
0.966000,-0.000185
0.967000,-0.047340
0.968000,0.009626
0.969000,0.004233
0.970000,-0.037724
0.971000,0.040019
0.972000,0.010987
0.973000,0.034267
0.974000,-0.046389
0.975000,-0.042380
0.976000,0.007832
0.977000,0.045901
0.978000,-0.003795
0.979000,0.035506
0.980000,0.034637
0.981000,0.015389
0.982000,-0.032989
0.983000,0.047373
0.984000,-0.013004
0.985000,-0.040018
0.986000,0.021727
0.987000,-0.019297
0.988000,0.026621
0.989000,-0.012105
0.990000,0.011079
0.991000,-0.047986
0.992000,0.044188
0.993000,-0.011130
0.994000,-0.038376
0.995000,-0.045969
0.996000,-0.008888
0.997000,0.000104
0.998000,0.018281
0.999000,-0.035224
1.000000,-0.046925
1.001000,0.020072
1.002000,-0.017369
1.003000,-0.029879
1.004000,0.015241
1.005000,-0.033900
1.006000,0.010637
1.007000,-0.020561
1.008000,-0.049751
1.009000,0.045103
1.010000,0.018899
1.011000,0.019062
1.012000,0.026135
1.013000,0.026582
1.014000,-0.046079
1.015000,0.041903
1.016000,-0.037842
1.017000,-0.004480
1.018000,0.025763
1.019000,-0.026335
1.020000,-0.047792
1.021000,0.037256
1.022000,0.001929
1.023000,0.044155
1.024000,-0.026111
1.025000,0.028467
1.026000,-0.013507
1.027000,0.029359
1.028000,-0.001921
1.029000,0.041444
1.030000,0.022406
1.031000,0.020409
1.032000,0.022431
1.033000,-0.043876
1.034000,0.000688
1.035000,0.002863
1.036000,0.030095
1.037000,-0.039740
1.038000,0.033240
1.039000,0.001740
1.040000,-0.000571
1.041000,-0.017198
1.042000,0.006635
1.043000,-0.034703
1.044000,0.026593
1.045000,-0.026070
1.046000,0.019797
1.047000,0.044745
1.048000,0.031432
1.049000,-0.016574
1.050000,-0.012588
1.051000,-0.033866
1.052000,0.027963
1.053000,-0.034625
1.054000,-0.046479
1.055000,-0.026648
1.056000,0.049789
1.057000,0.048706
1.058000,0.011660
1.059000,0.049831
1.060000,-0.041501
1.061000,0.000660
1.062000,-0.049146
1.063000,0.044908
1.064000,-0.021851
1.065000,-0.028969
1.066000,-0.031619
1.067000,-0.019581
1.068000,0.011363
1.069000,-0.007550
1.070000,-0.044215
1.071000,0.028092
1.072000,0.017427
1.073000,-0.024562
1.074000,0.013286
1.075000,0.013303
1.076000,0.030623
1.077000,0.000837
1.078000,-0.010154
1.079000,-0.048499
1.080000,0.037303
1.081000,0.008239
1.082000,0.013323
1.083000,-0.047969
1.084000,-0.034595
1.085000,-0.046725
1.086000,0.013480
1.087000,-0.010948
1.088000,-0.048534
1.089000,-0.037385
1.090000,0.021758
1.091000,-0.049221
1.092000,-0.015290
1.093000,0.049522
1.094000,-0.029083
1.095000,-0.048848
1.096000,-0.045276
1.097000,0.042822
1.098000,0.047811
1.099000,-0.045170
1.100000,-0.004699
1.101000,-0.045576
1.102000,0.043118
1.103000,0.011286
1.104000,0.021507
1.105000,0.023463
1.106000,0.036537
1.107000,-0.001185
1.108000,0.044184
1.109000,0.036440
1.110000,-0.017897
1.111000,0.043842
1.112000,0.009589
1.113000,-0.021462
1.114000,0.048542
1.115000,-0.049778
1.116000,-0.042221
1.117000,-0.010256
1.118000,-0.030143
1.119000,0.024431
1.120000,0.010956
1.121000,0.015132
1.122000,0.000520
1.123000,0.032651
1.124000,-0.004107
1.125000,0.011778
1.126000,0.034568
1.127000,-0.005311
1.128000,-0.015340
1.129000,-0.029170
1.130000,0.010755
1.131000,0.005942
1.132000,-0.043918
1.133000,0.024550
1.134000,-0.001522
1.135000,0.024007
1.136000,-0.049954
1.137000,0.033992
1.138000,0.030138
1.139000,-0.045515
1.140000,-0.032421
1.141000,-0.010101
1.142000,-0.008445
1.143000,-0.012684
1.144000,-0.037447
1.145000,0.019567
1.146000,0.000370
1.147000,0.008618
1.148000,-0.026953
1.149000,0.002386
1.150000,0.004643
1.151000,-0.007082
1.152000,-0.005502
1.153000,0.044108
1.154000,-0.031425
1.155000,-0.013043
1.156000,0.034402
1.157000,-0.032560
1.158000,-0.015016
1.159000,-0.046665
1.160000,-0.048171
1.161000,-0.045957
1.162000,0.045101
1.163000,0.043970
1.164000,-0.027665
1.165000,-0.026211
1.166000,-0.003705
1.167000,0.039768
1.168000,-0.014488
1.169000,-0.018573
1.170000,0.022955
1.171000,-0.034587
1.172000,-0.031351
1.173000,-0.032575
1.174000,0.002252
1.175000,0.015376
1.176000,0.001800
1.177000,-0.033826
1.178000,-0.034354
1.179000,0.002335
1.180000,0.035856
1.181000,-0.048559
1.182000,0.012076
1.183000,0.031691
1.184000,0.012486
1.185000,-0.022607
1.186000,0.043408
1.187000,-0.017043
1.188000,-0.026330
1.189000,0.047717
1.190000,0.011914
1.191000,-0.038456
1.192000,0.006961
1.193000,0.034093
1.194000,-0.047128
1.195000,-0.029155
1.196000,-0.003760
1.197000,0.035499
1.198000,-0.038910
1.199000,-0.011996
1.200000,0.034707
1.201000,-0.001437
1.202000,0.029331
1.203000,-0.006338
1.204000,0.007634
1.205000,-0.031754
1.206000,0.019509
1.207000,0.035558
1.208000,0.025266
1.209000,-0.029829
1.210000,-0.038983
1.211000,-0.016166
1.212000,0.004414
1.213000,0.004187
1.214000,0.041758
1.215000,-0.048747
1.216000,0.016992
1.217000,-0.028513
1.218000,-0.030008
1.219000,-0.014927
1.220000,0.043778
1.221000,0.019720
1.222000,0.037361
1.223000,0.025606
1.224000,0.018481
1.225000,-0.010569
1.226000,-0.010770
1.227000,0.040392
1.228000,0.025354
1.229000,0.027187
1.230000,0.038063
1.231000,-0.025810
1.232000,0.019375
1.233000,0.003166
1.234000,0.039690
1.235000,0.013885
1.236000,0.002312
1.237000,-0.017372
1.238000,-0.008820
1.239000,-0.021406
1.240000,-0.017330
1.241000,0.024819
1.242000,0.039202
1.243000,-0.034699
1.244000,0.041183
1.245000,0.035228
1.246000,0.027366
1.247000,-0.043604
1.248000,-0.037271
1.249000,-0.022646
1.250000,0.021996
1.251000,0.023488
1.252000,0.037119
1.253000,0.044715
1.254000,-0.036356
1.255000,0.031057
1.256000,0.025459
1.257000,-0.026242
1.258000,0.031708
1.259000,0.028865
1.260000,-0.049188
1.261000,0.010140
1.262000,-0.041551
1.263000,-0.017174
1.264000,-0.033204
1.265000,0.019184
1.266000,0.042404
1.267000,0.046622
1.268000,-0.049225
1.269000,-0.048972
1.270000,-0.027949
1.271000,-0.022099
1.272000,-0.033228
1.273000,-0.025725
1.274000,-0.040595
1.275000,-0.014725
1.276000,0.004418
1.277000,-0.006489
1.278000,-0.002419
1.279000,0.001100
1.280000,-0.023096
1.281000,0.048489
1.282000,0.015999
1.283000,-0.025890
1.284000,-0.015832
1.285000,0.034851
1.286000,-0.034524
1.287000,0.000943
1.288000,0.009527
1.289000,0.028802
1.290000,-0.024659
1.291000,0.000023
1.292000,-0.008876
1.293000,-0.012970
1.294000,0.021234
1.295000,-0.047228
1.296000,0.045247
1.297000,0.020678
1.298000,-0.025072
1.299000,-0.025019
1.300000,-0.032773
1.301000,-0.013730
1.302000,-0.002110
1.303000,0.038737
1.304000,-0.028124
1.305000,-0.014261
1.306000,-0.021274
1.307000,0.012215
1.308000,0.005168
1.309000,0.031017
1.310000,-0.013314
1.311000,-0.026980
1.312000,0.007377
1.313000,0.032030
1.314000,0.022761
1.315000,-0.011542
1.316000,0.028477
1.317000,0.025342
1.318000,0.043067
1.319000,-0.006110
1.320000,-0.039981
1.321000,-0.021349
1.322000,0.046180
1.323000,0.033895
1.324000,-0.021404
1.325000,0.027675
1.326000,-0.031442
1.327000,-0.030009
1.328000,-0.001007
1.329000,0.003578
1.330000,0.004308
1.331000,-0.029175
1.332000,-0.007725
1.333000,-0.049541
1.334000,-0.046049
1.335000,-0.041754
1.336000,-0.043243
1.337000,-0.032610
1.338000,-0.006100
1.339000,-0.035334
1.340000,0.027038
1.341000,-0.013731
1.342000,0.000114
1.343000,-0.048918
1.344000,-0.048823
1.345000,0.008029
1.346000,0.015634
1.347000,-0.046016
1.348000,0.001811
1.349000,0.030982
1.350000,-0.049622
1.351000,-0.036760
1.352000,-0.031613
1.353000,0.008917
1.354000,-0.031711
1.355000,0.012651
1.356000,-0.012237
1.357000,-0.030453
1.358000,-0.002235
1.359000,-0.022362
1.360000,-0.046160
1.361000,0.004310
1.362000,0.013170
1.363000,-0.034632
1.364000,0.034775
1.365000,-0.024340
1.366000,-0.021066
1.367000,0.041617
1.368000,0.002690
1.369000,-0.021317
1.370000,-0.039366
1.371000,-0.011002
1.372000,-0.035002
1.373000,-0.005335
1.374000,0.015218
1.375000,0.025411
1.376000,-0.017378
1.377000,0.015564
1.378000,0.021953
1.379000,0.023473
1.380000,-0.039799
1.381000,-0.041535
1.382000,-0.013986
1.383000,-0.011114
1.384000,0.042074
1.385000,-0.042264
1.386000,0.022829
1.387000,-0.048691
1.388000,-0.025497
1.389000,-0.022286
1.390000,-0.001042
1.391000,-0.001784
1.392000,-0.048005
1.393000,0.033789
1.394000,0.046466
1.395000,-0.000931
1.396000,-0.027667
1.397000,0.025290
1.398000,-0.033838
1.399000,-0.036521
1.400000,-0.015818
1.401000,-0.049384
1.402000,-0.002098
1.403000,-0.000456
1.404000,0.012974
1.405000,0.010818
1.406000,0.010434
1.407000,0.021839
1.408000,0.026525
1.409000,-0.023221
1.410000,-0.048096
1.411000,-0.035353
1.412000,0.028129
1.413000,0.001813
1.414000,0.020642
1.415000,0.011841
1.416000,-0.007014
1.417000,0.042082
1.418000,0.035925
1.419000,-0.044686
1.420000,0.033948
1.421000,0.015526
1.422000,-0.023035
1.423000,0.027925
1.424000,-0.001644
1.425000,0.035063
1.426000,-0.047154
1.427000,0.024620
1.428000,-0.049207
1.429000,-0.014008
1.430000,0.027344
1.431000,-0.029196
1.432000,-0.038726
1.433000,-0.047903
1.434000,0.002193
1.435000,0.035028
1.436000,0.041299
1.437000,0.030637
1.438000,-0.023181
1.439000,0.031919
1.440000,0.046679
1.441000,0.026876
1.442000,-0.031837
1.443000,0.048545
1.444000,-0.015209
1.445000,-0.040088
1.446000,-0.021396
1.447000,-0.033315
1.448000,0.012247
1.449000,-0.023561
1.450000,0.021920
1.451000,-0.008113
1.452000,-0.004790
1.453000,-0.023967
1.454000,0.048288
1.455000,-0.035917
1.456000,-0.048620
1.457000,0.042581
1.458000,0.020189
1.459000,0.047907
1.460000,0.033806
1.461000,0.011509
1.462000,-0.047416
1.463000,-0.018987
1.464000,-0.016000
1.465000,0.028494
1.466000,-0.042649
1.467000,-0.019386
1.468000,0.008010
1.469000,0.006823
1.470000,-0.032591
1.471000,0.043851
1.472000,0.046767
1.473000,0.003878
1.474000,-0.026126
1.475000,0.002530
1.476000,0.026599
1.477000,-0.022466
1.478000,0.048526
1.479000,0.012754
1.480000,-0.042464
1.481000,0.043864
1.482000,0.047440
1.483000,0.022529
1.484000,-0.029043
1.485000,0.009576
1.486000,-0.014594
1.487000,0.007849
1.488000,-0.033523
1.489000,0.011771
1.490000,-0.038455
1.491000,-0.014090
1.492000,0.042042
1.493000,0.001873
1.494000,-0.004750
1.495000,-0.040213
1.496000,0.049881
1.497000,0.040279
1.498000,-0.017329
1.499000,-0.049007
1.500000,0.466712
1.501000,0.343951
1.502000,-0.634075
1.503000,-0.147838
1.504000,-0.527614
1.505000,-0.081053
1.506000,0.732898
1.507000,-0.361378
1.508000,-0.501389
1.509000,0.012362
1.510000,-0.360393
1.511000,0.592955
1.512000,0.560503
1.513000,0.202805
1.514000,-0.696429
1.515000,0.729201
1.516000,0.568123
1.517000,0.421854
1.518000,0.592211
1.519000,0.337525
1.520000,-0.124475
1.521000,-0.585339
1.522000,0.569630
1.523000,0.635544
1.524000,-0.747885
1.525000,0.030108
1.526000,-0.501871
1.527000,-0.262396
1.528000,0.111966
1.529000,-0.792841
1.530000,0.441746
1.531000,-0.048021
1.532000,0.391942
1.533000,0.675518
1.534000,-0.326743
1.535000,0.044360
1.536000,-0.546909
1.537000,0.245640
1.538000,0.280715
1.539000,0.255732
1.540000,0.078205
1.541000,0.250105
1.542000,0.123313
1.543000,-0.081728
1.544000,0.507931
1.545000,0.274720
1.546000,-0.087337
1.547000,0.377958
1.548000,0.115446
1.549000,-0.332926
1.550000,-0.254737
1.551000,0.560278
1.552000,0.400405
1.553000,-0.533765
1.554000,-0.052529
1.555000,0.061589
1.556000,0.741953
1.557000,-0.369816
1.558000,-0.084462
1.559000,-0.504025
1.560000,-0.186661
1.561000,-0.118860
1.562000,-0.155115
1.563000,0.083761
1.564000,0.744306
1.565000,0.645848
1.566000,-0.117693
1.567000,0.377991
1.568000,0.274486
1.569000,0.330050
1.570000,-0.266687
1.571000,-0.416767
1.572000,-0.014586
1.573000,0.507324
1.574000,0.409475
1.575000,0.460604
1.576000,-0.185209
1.577000,-0.601335
1.578000,0.547632
1.579000,-0.037834
1.580000,-0.432855
1.581000,0.140440
1.582000,0.710808
1.583000,-0.370156
1.584000,-0.527220
1.585000,0.372155
1.586000,-0.435657
1.587000,-0.073791
1.588000,0.654647
1.589000,-0.262998
1.590000,0.025010
1.591000,-0.622292
1.592000,0.034296
1.593000,0.666348
1.594000,-0.590644
1.595000,0.633835
1.596000,-0.511306
1.597000,0.413454
1.598000,-0.077853
1.599000,-0.665686
1.600000,-0.535096
1.601000,-0.485184
1.602000,-0.450680
1.603000,-0.427740
1.604000,-0.099704
1.605000,-0.695674
1.606000,-0.572821
1.607000,-0.266759
1.608000,-0.541163
1.609000,0.646529
1.610000,0.566160
1.611000,0.312486
1.612000,-0.598691
1.613000,-0.287576
1.614000,0.190167
1.615000,-0.648443
1.616000,0.119565
1.617000,-0.702621
1.618000,0.498067
1.619000,0.518262
1.620000,-0.705561
1.621000,0.382855
1.622000,-0.500373
1.623000,0.316473
1.624000,-0.133628
1.625000,0.420448
1.626000,0.129092
1.627000,0.194065
1.628000,0.220904
1.629000,-0.669877
1.630000,-0.131253
1.631000,-0.709929
1.632000,-0.020535
1.633000,0.463040
1.634000,0.396702
1.635000,0.658560
1.636000,-0.646525
1.637000,-0.124103
1.638000,0.424864
1.639000,0.459646
1.640000,0.289911
1.641000,0.296750
1.642000,-0.053850
1.643000,-0.633263
1.644000,-0.137016
1.645000,-0.709393
1.646000,0.525094
1.647000,-0.365184
1.648000,0.337127
1.649000,0.648828
1.650000,0.122920
1.651000,-0.409381
1.652000,0.385044
1.653000,-0.686549
1.654000,0.121842
1.655000,-0.478188
1.656000,-0.706593
1.657000,0.032486
1.658000,-0.040454
1.659000,0.458328
1.660000,-0.403084
1.661000,-0.438736
1.662000,-0.130255
1.663000,-0.370616
1.664000,-0.299495
1.665000,-0.131826
1.666000,0.049730
1.667000,0.050476
1.668000,-0.214351
1.669000,0.414260
1.670000,-0.255801
1.671000,0.385206
1.672000,-0.446402
1.673000,0.566979
1.674000,-0.168722
1.675000,-0.657188
1.676000,-0.554999
1.677000,-0.382213
1.678000,0.114654
1.679000,0.670960
1.680000,-0.285327
1.681000,-0.090672
1.682000,-0.079099
1.683000,0.208254
1.684000,0.122852
1.685000,-0.354381
1.686000,-0.710942
1.687000,0.608167
1.688000,0.222153
1.689000,-0.541279
1.690000,-0.591895
1.691000,-0.285574
1.692000,-0.137432
1.693000,0.467379
1.694000,0.399626
1.695000,-0.636902
1.696000,-0.174562
1.697000,-0.639066
1.698000,0.174391
1.699000,-0.275567
1.700000,-0.001896
1.701000,-0.119378
1.702000,0.384872
1.703000,-0.199029
1.704000,-0.282996
1.705000,0.429252
1.706000,-0.296109
1.707000,-0.330445
1.708000,-0.561887
1.709000,-0.246031
1.710000,0.401253
1.711000,-0.225953
1.712000,-0.729701
1.713000,0.052393
1.714000,-0.023251
1.715000,-0.435649
1.716000,-0.714585
1.717000,0.460034
1.718000,0.682329
1.719000,-0.148793
1.720000,-0.036354
1.721000,0.427060
1.722000,-0.558105
1.723000,-0.481144
1.724000,0.201771
1.725000,0.363511
1.726000,-0.071062
1.727000,-0.540738
1.728000,0.103848
1.729000,0.535481
1.730000,0.563324
1.731000,0.289970
1.732000,-0.673894
1.733000,0.223299
1.734000,-0.477537
1.735000,0.696762
1.736000,-0.358882
1.737000,-0.236795
1.738000,-0.654970
1.739000,-0.122688
1.740000,-0.544767
1.741000,-0.592613
1.742000,0.315602
1.743000,0.313145
1.744000,-0.299365
1.745000,0.702574
1.746000,-0.096252
1.747000,0.277732
1.748000,0.370283
1.749000,0.189627
1.750000,-0.581815
1.751000,0.640752
1.752000,0.055546
1.753000,0.318171
1.754000,-0.376305
1.755000,-0.020951
1.756000,-0.444452
1.757000,0.074080
1.758000,-0.463129
1.759000,0.425696
1.760000,0.466236
1.761000,-0.145895
1.762000,-0.720170
1.763000,0.293042
1.764000,-0.428840
1.765000,-0.602197
1.766000,-0.526798
1.767000,-0.572326
1.768000,-0.455184
1.769000,0.636952
1.770000,0.303010
1.771000,-0.355817
1.772000,0.099686
1.773000,-0.310693
1.774000,-0.371730
1.775000,-0.594428
1.776000,0.241429
1.777000,-0.144130
1.778000,0.483513
1.779000,-0.336543
1.780000,0.239458
1.781000,0.292805
1.782000,0.673978
1.783000,0.315162
1.784000,-0.537757
1.785000,0.375129
1.786000,-0.108576
1.787000,-0.006837
1.788000,0.263585
1.789000,0.471244
1.790000,0.715505
1.791000,-0.726707
1.792000,-0.419548
1.793000,0.363388
1.794000,0.657820
1.795000,0.644026
1.796000,-0.141894
1.797000,0.393818
1.798000,0.045041
1.799000,-0.019623
1.800000,-0.021899
1.801000,0.263092
1.802000,0.473932
1.803000,-0.340386
1.804000,0.337208
1.805000,-0.469440
1.806000,0.473313
1.807000,-0.038570
1.808000,0.365927
1.809000,-0.027724
1.810000,0.658004
1.811000,-0.074783
1.812000,0.293224
1.813000,-0.135766
1.814000,-0.527594
1.815000,-0.315340
1.816000,0.385423
1.817000,-0.554827
1.818000,0.400203
1.819000,-0.296745
1.820000,0.165355
1.821000,-0.701979
1.822000,-0.244822
1.823000,0.747584
1.824000,-0.753337
1.825000,0.303736
1.826000,-0.224036
1.827000,-0.210885
1.828000,0.642648
1.829000,-0.161481
1.830000,-0.491709
1.831000,-0.404475
1.832000,-0.266182
1.833000,-0.148746
1.834000,0.527622
1.835000,-0.521619
1.836000,-0.100848
1.837000,0.206186
1.838000,-0.246374
1.839000,-0.119337
1.840000,-0.392458
1.841000,0.731391
1.842000,0.059751
1.843000,-0.318574
1.844000,-0.369393
1.845000,-0.029626
1.846000,-0.541892
1.847000,-0.702143
1.848000,-0.216994
1.849000,0.221905
1.850000,-0.609559
1.851000,0.690780
1.852000,0.361722
1.853000,-0.076344
1.854000,-0.459170
1.855000,-0.148028
1.856000,0.048532
1.857000,0.564560
1.858000,0.397444
1.859000,0.550083
1.860000,0.180006
1.861000,-0.595150
1.862000,0.433648
1.863000,0.003086
1.864000,0.163906
1.865000,-0.449218
1.866000,0.585845
1.867000,-0.326364
1.868000,-0.665487
1.869000,0.206822
1.870000,-0.395622
1.871000,-0.093054
1.872000,-0.442215
1.873000,-0.519457
1.874000,0.654349
1.875000,0.429802
1.876000,0.430682
1.877000,0.405661
1.878000,-0.033133
1.879000,0.656555
1.880000,0.512055
1.881000,0.383498
1.882000,0.502663
1.883000,0.129082
1.884000,-0.741704
1.885000,0.270448
1.886000,0.635069
1.887000,-0.522639
1.888000,0.381629
1.889000,0.043101
1.890000,-0.256146
1.891000,0.377012
1.892000,0.731769
1.893000,-0.500333
1.894000,0.599876
1.895000,-0.061553
1.896000,0.198338
1.897000,-0.384330
1.898000,-0.145631
1.899000,0.306783
1.900000,0.022040
1.901000,0.015220
1.902000,-0.043305
1.903000,-0.038417
1.904000,0.042998
1.905000,0.029072
1.906000,-0.007401
1.907000,0.038339
1.908000,0.020770
1.909000,-0.022919
1.910000,-0.046854
1.911000,0.034407
1.912000,0.001951
1.913000,0.020252
1.914000,-0.033407
1.915000,0.034301
1.916000,0.044701
1.917000,0.020174
1.918000,-0.032196
1.919000,0.012739
1.920000,-0.014562
1.921000,-0.022120
1.922000,-0.011302
1.923000,0.026231
1.924000,0.007092
1.925000,-0.045770
1.926000,-0.027174
1.927000,0.042726
1.928000,-0.006437
1.929000,-0.002279
1.930000,-0.024837
1.931000,-0.014887
1.932000,-0.043770
1.933000,0.035767
1.934000,0.036409
1.935000,-0.032510
1.936000,-0.032204
1.937000,-0.020309
1.938000,0.033572
1.939000,-0.033663
1.940000,0.035782
1.941000,0.012124
1.942000,-0.006397
1.943000,0.045741
1.944000,0.005554
1.945000,-0.004035
1.946000,-0.022764
1.947000,0.009383
1.948000,-0.038980
1.949000,0.043142
1.950000,0.049070
1.951000,-0.047127
1.952000,-0.035872
1.953000,0.036361
1.954000,-0.038306
1.955000,0.033902
1.956000,-0.001599
1.957000,0.015138
1.958000,0.032063
1.959000,-0.048688
1.960000,0.024761
1.961000,-0.042096
1.962000,-0.048628
1.963000,0.012738
1.964000,0.041999
1.965000,-0.007495
1.966000,0.040601
1.967000,-0.022339
1.968000,-0.022230
1.969000,-0.028053
1.970000,-0.015376
1.971000,-0.045740
1.972000,-0.046568
1.973000,-0.012134
1.974000,-0.014729
1.975000,0.042160
1.976000,-0.006882
1.977000,-0.009628
1.978000,-0.026337
1.979000,-0.006581
1.980000,-0.043467
1.981000,0.047741
1.982000,-0.023437
1.983000,-0.026144
1.984000,-0.037112
1.985000,-0.020503
1.986000,-0.022759
1.987000,0.021504
1.988000,0.048829
1.989000,-0.024957
1.990000,0.036016
1.991000,-0.000521
1.992000,0.013287
1.993000,-0.005077
1.994000,-0.014175
1.995000,0.019259
1.996000,0.020484
1.997000,-0.045899
1.998000,-0.024657
1.999000,-0.005204
2.000000,0.038805
2.001000,-0.040584
2.002000,-0.021014
2.003000,-0.048313
2.004000,-0.043086
2.005000,-0.015773
2.006000,-0.032937
2.007000,-0.025667
2.008000,-0.024805
2.009000,-0.046791
2.010000,0.024827
2.011000,0.036798
2.012000,-0.048956
2.013000,-0.048555
2.014000,-0.017309
2.015000,-0.048885
2.016000,-0.016697
2.017000,-0.021541
2.018000,-0.041786
2.019000,0.014442
2.020000,-0.022689
2.021000,0.042560
2.022000,0.022253
2.023000,0.036412
2.024000,0.049500
2.025000,-0.002431
2.026000,0.005291
2.027000,0.024356
2.028000,0.031150
2.029000,0.037448
2.030000,-0.015522
2.031000,0.018791
2.032000,-0.035859
2.033000,0.033450
2.034000,-0.045348
2.035000,-0.040435
2.036000,0.015519
2.037000,-0.006522
2.038000,0.001019
2.039000,0.034300
2.040000,-0.039142
2.041000,-0.042820
2.042000,-0.010188
2.043000,0.033172
2.044000,-0.012641
2.045000,0.001739
2.046000,-0.017064
2.047000,0.015658
2.048000,-0.008777
2.049000,0.000624
2.050000,-0.045872
2.051000,-0.034648
2.052000,-0.036194
2.053000,-0.047459
2.054000,-0.020117
2.055000,-0.009127
2.056000,-0.030419
2.057000,0.039968
2.058000,0.031030
2.059000,0.014191
2.060000,-0.002640
2.061000,0.011911
2.062000,0.010634
2.063000,-0.025690
2.064000,-0.027096
2.065000,-0.012999
2.066000,-0.042689
2.067000,-0.033146
2.068000,0.008045
2.069000,0.000438
2.070000,0.046588
2.071000,-0.037466
2.072000,0.047215
2.073000,0.014086
2.074000,0.047276
2.075000,-0.046021
2.076000,0.037045
2.077000,-0.031681
2.078000,0.000277
2.079000,-0.007300
2.080000,-0.047815
2.081000,0.049160
2.082000,-0.026951
2.083000,0.015685
2.084000,0.010496
2.085000,-0.023149
2.086000,0.032364
2.087000,0.046050
2.088000,-0.014229
2.089000,0.025653
2.090000,-0.028496
2.091000,-0.019903
2.092000,-0.020449
2.093000,-0.032694
2.094000,-0.046867
2.095000,-0.016005
2.096000,-0.038620
2.097000,0.016510
2.098000,-0.043051
2.099000,0.035573
2.100000,0.012717
2.101000,-0.033592
2.102000,-0.025456
2.103000,0.005474
2.104000,0.006524
2.105000,-0.005360
2.106000,-0.046701
2.107000,-0.049086
2.108000,-0.024045
2.109000,-0.045389
2.110000,-0.046478
2.111000,0.037971
2.112000,-0.047723
2.113000,-0.028285
2.114000,0.043982
2.115000,0.022173
2.116000,0.006840
2.117000,-0.015840
2.118000,0.025672
2.119000,-0.004791
2.120000,0.046459
2.121000,0.008605
2.122000,0.019857
2.123000,-0.032615
2.124000,0.016286
2.125000,-0.018553
2.126000,0.037076
2.127000,-0.020858
2.128000,-0.035918
2.129000,0.000451
2.130000,-0.029434
2.131000,-0.008866
2.132000,0.042866
2.133000,0.025764
2.134000,-0.024685
2.135000,-0.013390
2.136000,0.018602
2.137000,-0.008116
2.138000,0.001797
2.139000,-0.048177
2.140000,-0.049087
2.141000,0.003569
2.142000,-0.021751
2.143000,0.020827
2.144000,0.040097
2.145000,0.041600
2.146000,0.021680
2.147000,-0.013929
2.148000,-0.035692
2.149000,-0.014357
2.150000,-0.020695
2.151000,-0.006323
2.152000,0.004561
2.153000,0.044823
2.154000,-0.020743
2.155000,-0.045436
2.156000,-0.029444
2.157000,-0.045648
2.158000,0.002813
2.159000,0.024975
2.160000,0.027212
2.161000,0.011924
2.162000,0.009406
2.163000,-0.003907
2.164000,0.027536
2.165000,0.030711
2.166000,0.036897
2.167000,0.003976
2.168000,0.000661
2.169000,0.034601
2.170000,-0.030772
2.171000,-0.038702
2.172000,-0.023542
2.173000,-0.039355
2.174000,-0.015573
2.175000,0.033836
2.176000,-0.027767
2.177000,0.048149
2.178000,0.008907
2.179000,0.032621
2.180000,-0.009932
2.181000,0.014918
2.182000,-0.033787
2.183000,0.024474
2.184000,0.040122
2.185000,0.045641
2.186000,-0.001953
2.187000,-0.025897
2.188000,0.003702
2.189000,0.023352
2.190000,0.009136
2.191000,-0.035594
2.192000,0.035110
2.193000,-0.049209
2.194000,-0.034700
2.195000,-0.003824
2.196000,-0.046460
2.197000,-0.001216
2.198000,0.036885
2.199000,0.040187
2.200000,0.048447
2.201000,0.006336
2.202000,-0.011407
2.203000,0.002869
2.204000,-0.040356
2.205000,-0.011757
2.206000,-0.031272
2.207000,0.027569
2.208000,-0.000362
2.209000,-0.047159
2.210000,0.020711
2.211000,0.040288
2.212000,0.003751
2.213000,0.035489
2.214000,-0.043022
2.215000,-0.032836
2.216000,0.015250
2.217000,0.028234
2.218000,-0.009614
2.219000,0.019361
2.220000,-0.013396
2.221000,0.033407
2.222000,0.019513
2.223000,0.017507
2.224000,0.031245
2.225000,-0.047328
2.226000,-0.040900
2.227000,-0.046332
2.228000,-0.024030
2.229000,-0.015241
2.230000,0.022203
2.231000,0.034884
2.232000,-0.021333
2.233000,0.045851
2.234000,-0.022135
2.235000,0.042830
2.236000,0.019875
2.237000,0.008560
2.238000,0.000547
2.239000,0.032389
2.240000,0.009660
2.241000,0.019570
2.242000,0.006305
2.243000,0.041771
2.244000,-0.020770
2.245000,-0.028938
2.246000,-0.033646
2.247000,0.015386
2.248000,-0.028949
2.249000,-0.045011
2.250000,-0.022277
2.251000,0.000112
2.252000,-0.003073
2.253000,-0.027689
2.254000,0.016518
2.255000,-0.049561
2.256000,-0.021695
2.257000,-0.045399
2.258000,-0.048988
2.259000,0.012330
2.260000,-0.029613
2.261000,0.038737
2.262000,0.024320
2.263000,0.023325
2.264000,0.024890
2.265000,0.041997
2.266000,-0.018374
2.267000,0.005245
2.268000,-0.038372
2.269000,0.006882
2.270000,-0.019193
2.271000,-0.045315
2.272000,0.031019
2.273000,-0.020393
2.274000,-0.011520
2.275000,-0.004012
2.276000,0.019649
2.277000,0.008417
2.278000,0.027703
2.279000,-0.011594
2.280000,-0.002970
2.281000,0.035783
2.282000,0.007351
2.283000,-0.012540
2.284000,-0.038726
2.285000,-0.048552
2.286000,0.047090
2.287000,-0.045016
2.288000,0.006563
2.289000,0.048659
2.290000,0.007496
2.291000,0.002541
2.292000,0.002043
2.293000,-0.035234
2.294000,-0.023198
2.295000,0.028688
2.296000,-0.031645
2.297000,0.038065
2.298000,0.007356
2.299000,-0.049017
2.300000,0.045331
2.301000,0.013327
2.302000,0.049211
2.303000,-0.023339
2.304000,0.014846
2.305000,0.002812
2.306000,-0.013200
2.307000,-0.036553
2.308000,-0.000541
2.309000,0.028112
2.310000,0.043993
2.311000,-0.000833
2.312000,-0.021278
2.313000,0.017386
2.314000,-0.006779
2.315000,0.015204
2.316000,-0.021520
2.317000,0.036138
2.318000,0.037974
2.319000,0.023065
2.320000,0.011424
2.321000,-0.015978
2.322000,-0.036394
2.323000,0.029021
2.324000,0.034338
2.325000,0.040335
2.326000,0.002793
2.327000,0.047502
2.328000,0.008470
2.329000,-0.036107
2.330000,0.021087
2.331000,0.007472
2.332000,0.018645
2.333000,-0.016020
2.334000,0.001176
2.335000,0.049981
2.336000,-0.024937
2.337000,-0.015542
2.338000,0.018040
2.339000,-0.046812
2.340000,0.029109
2.341000,-0.003263
2.342000,-0.002007
2.343000,-0.020264
2.344000,0.033404
2.345000,-0.027726
2.346000,-0.034432
2.347000,-0.040849
2.348000,0.021935
2.349000,0.042186
2.350000,0.038184
2.351000,0.049250
2.352000,-0.042664
2.353000,-0.034072
2.354000,-0.032885
2.355000,-0.009466
2.356000,0.028546
2.357000,0.047992
2.358000,0.043298
2.359000,-0.046730
2.360000,-0.005957
2.361000,0.011613
2.362000,0.021882
2.363000,-0.016531
2.364000,0.013955
2.365000,0.005562
2.366000,-0.024677
2.367000,0.018319
2.368000,0.024927
2.369000,-0.044587
2.370000,0.006469
2.371000,0.001303
2.372000,0.018536
2.373000,-0.020647
2.374000,0.015949
2.375000,0.031136
2.376000,0.008492
2.377000,-0.004973
2.378000,0.047783
2.379000,0.013274
2.380000,-0.039274
2.381000,0.039856
2.382000,0.039257
2.383000,0.012839
2.384000,0.040841
2.385000,0.031212
2.386000,0.016717
2.387000,0.028526
2.388000,-0.030823
2.389000,-0.019211
2.390000,0.005219
2.391000,-0.008490
2.392000,-0.004408
2.393000,0.044625
2.394000,0.036361
2.395000,0.026238
2.396000,-0.047923
2.397000,-0.020638
2.398000,-0.046745
2.399000,-0.012304
2.400000,0.012432
2.401000,0.034853
2.402000,0.047290
2.403000,0.026917
2.404000,0.029307
2.405000,0.010966
2.406000,0.048675
2.407000,0.016011
2.408000,0.020327
2.409000,-0.030927
2.410000,-0.023951
2.411000,-0.019357
2.412000,-0.047394
2.413000,-0.046534
2.414000,-0.026196
2.415000,-0.028943
2.416000,-0.038079
2.417000,0.033329
2.418000,-0.023479
2.419000,0.008645
2.420000,-0.009949
2.421000,0.021333
2.422000,0.045661
2.423000,0.044581
2.424000,0.029725
2.425000,0.017733
2.426000,-0.014218
2.427000,-0.026482
2.428000,-0.015578
2.429000,-0.012605
2.430000,-0.039952
2.431000,-0.015622
2.432000,0.018219
2.433000,0.036854
2.434000,0.002944
2.435000,-0.024619
2.436000,-0.002621
2.437000,0.023456
2.438000,0.003359
2.439000,0.047925
2.440000,0.003033
2.441000,-0.017107
2.442000,-0.026912
2.443000,0.043834
2.444000,0.007644
2.445000,-0.013234
2.446000,-0.013645
2.447000,-0.001247
2.448000,0.036701
2.449000,-0.041139
2.450000,0.010387
2.451000,-0.014576
2.452000,-0.020224
2.453000,-0.032514
2.454000,-0.000356
2.455000,0.021708
2.456000,0.042716
2.457000,0.037904
2.458000,-0.026186
2.459000,0.012953
2.460000,0.026792
2.461000,0.041452
2.462000,-0.020115
2.463000,-0.030870
2.464000,-0.009032
2.465000,-0.009454
2.466000,-0.042675
2.467000,-0.033501
2.468000,0.029453
2.469000,-0.004713
2.470000,0.010004
2.471000,0.001789
2.472000,-0.026265
2.473000,-0.001063
2.474000,0.026172
2.475000,-0.023939
2.476000,0.024847
2.477000,-0.003706
2.478000,0.018577
2.479000,-0.034047
2.480000,0.026363
2.481000,-0.006295
2.482000,0.002571
2.483000,0.000298
2.484000,0.019423
2.485000,0.018839
2.486000,-0.034773
2.487000,0.040997
2.488000,-0.035393
2.489000,0.000353
2.490000,0.044826
2.491000,-0.018091
2.492000,0.013719
2.493000,0.030351
2.494000,-0.029523
2.495000,0.019559
2.496000,-0.032862
2.497000,-0.000878
2.498000,0.007732
2.499000,-0.022661
2.500000,0.205790
2.501000,0.159839
2.502000,0.225576
2.503000,0.316162
2.504000,-0.196081
2.505000,-0.546121
2.506000,-0.418476
2.507000,-0.086844
2.508000,-0.067262
2.509000,-0.264295
2.510000,-0.154373
2.511000,0.365451
2.512000,-0.690725
2.513000,0.700840
2.514000,-0.643552
2.515000,-0.397401
2.516000,-0.293381
2.517000,0.098796
2.518000,0.722152
2.519000,-0.223761
2.520000,0.633813
2.521000,0.624193
2.522000,0.099584
2.523000,0.317140
2.524000,0.103664
2.525000,0.078691
2.526000,-0.274408
2.527000,-0.267120
2.528000,-0.658910
2.529000,-0.122689
2.530000,-0.718522
2.531000,-0.650130
2.532000,-0.566291
2.533000,-0.664550
2.534000,-0.722518
2.535000,-0.296484
2.536000,0.044436
2.537000,-0.695740
2.538000,-0.668546
2.539000,-0.572349
2.540000,-0.214672
2.541000,0.344678
2.542000,0.158482
2.543000,0.612302
2.544000,0.335538
2.545000,0.334510
2.546000,-0.186725
2.547000,-0.655461
2.548000,0.243302
2.549000,0.257852
2.550000,-0.681762
2.551000,-0.214984
2.552000,0.512211
2.553000,-0.097929
2.554000,-0.246029
2.555000,-0.219992
2.556000,-0.330615
2.557000,-0.604436
2.558000,0.170646
2.559000,0.367579
2.560000,-0.273123
2.561000,-0.194143
2.562000,0.256348
2.563000,0.028395
2.564000,-0.448431
2.565000,-0.695076
2.566000,-0.406473
2.567000,0.493172
2.568000,-0.023332
2.569000,0.710856
2.570000,0.351506
2.571000,0.248430
2.572000,0.236027
2.573000,0.281138
2.574000,-0.073250
2.575000,-0.044589
2.576000,-0.377868
2.577000,0.287325
2.578000,-0.664586
2.579000,-0.006142
2.580000,0.756547
2.581000,-0.136083
2.582000,-0.693781
2.583000,0.249639
2.584000,0.568648
2.585000,0.688309
2.586000,0.645664
2.587000,0.247928
2.588000,0.558951
2.589000,0.207959
2.590000,-0.063206
2.591000,0.270165
2.592000,-0.706058
2.593000,0.099972
2.594000,0.506447
2.595000,-0.532662
2.596000,-0.204348
2.597000,0.491796
2.598000,0.606119
2.599000,0.588678
2.600000,0.284053
2.601000,0.256857
2.602000,-0.352453
2.603000,-0.342812
2.604000,0.442864
2.605000,-0.322106
2.606000,0.458019
2.607000,0.590526
2.608000,-0.633707
2.609000,-0.129263
2.610000,0.213097
2.611000,-0.696965
2.612000,-0.260447
2.613000,-0.481101
2.614000,-0.334051
2.615000,0.314648
2.616000,0.027379
2.617000,-0.624349
2.618000,-0.575563
2.619000,-0.564285
2.620000,0.222245
2.621000,0.284257
2.622000,0.633439
2.623000,-0.282851
2.624000,-0.645208
2.625000,0.431166
2.626000,-0.071683
2.627000,0.697761
2.628000,0.065762
2.629000,0.656867
2.630000,-0.568815
2.631000,0.203840
2.632000,-0.660980
2.633000,0.611547
2.634000,0.745330
2.635000,0.567658
2.636000,-0.501031
2.637000,-0.211735
2.638000,-0.620057
2.639000,-0.175810
2.640000,-0.103806
2.641000,0.413328
2.642000,0.148758
2.643000,-0.050988
2.644000,-0.708104
2.645000,-0.574578
2.646000,-0.732874
2.647000,-0.522440
2.648000,0.339218
2.649000,0.643082
2.650000,0.050629
2.651000,0.346105
2.652000,-0.058324
2.653000,-0.531335
2.654000,0.415566
2.655000,-0.521274
2.656000,-0.147245
2.657000,-0.293615
2.658000,0.285879
2.659000,-0.063127
2.660000,-0.466896
2.661000,-0.137156
2.662000,0.538035
2.663000,-0.391669
2.664000,-0.547025
2.665000,-0.678690
2.666000,-0.557965
2.667000,-0.557109
2.668000,0.421179
2.669000,-0.486898
2.670000,0.626477
2.671000,-0.169675
2.672000,0.030941
2.673000,0.175408
2.674000,-0.133768
2.675000,-0.405943
2.676000,0.679846
2.677000,0.554766
2.678000,0.069091
2.679000,-0.042800
2.680000,-0.330239
2.681000,-0.100451
2.682000,-0.244044
2.683000,-0.738891
2.684000,-0.466022
2.685000,0.553280
2.686000,0.301583
2.687000,-0.345754
2.688000,0.459143
2.689000,-0.121012
2.690000,0.064365
2.691000,0.095003
2.692000,0.012824
2.693000,-0.027340
2.694000,-0.515610
2.695000,0.072437
2.696000,0.331549
2.697000,0.257172
2.698000,-0.432765
2.699000,0.465658
2.700000,0.024814
2.701000,0.525225
2.702000,-0.101867
2.703000,0.193520
2.704000,-0.666668
2.705000,-0.319884
2.706000,0.458421
2.707000,-0.348750
2.708000,0.442232
2.709000,-0.052197
2.710000,0.140901
2.711000,0.452175
2.712000,-0.660004
2.713000,-0.228703
2.714000,-0.212790
2.715000,-0.309116
2.716000,0.217554
2.717000,-0.643976
2.718000,-0.244571
2.719000,0.530419
2.720000,0.322014
2.721000,-0.449138
2.722000,-0.103241
2.723000,-0.235318
2.724000,-0.746224
2.725000,0.228821
2.726000,0.552478
2.727000,-0.519705
2.728000,-0.564826
2.729000,0.467249
2.730000,0.589964
2.731000,-0.368530
2.732000,0.515227
2.733000,0.414574
2.734000,-0.088087
2.735000,-0.092609
2.736000,-0.596985
2.737000,-0.346699
2.738000,-0.439394
2.739000,-0.656415
2.740000,0.647462
2.741000,0.675055
2.742000,-0.290478
2.743000,0.542902
2.744000,0.629016
2.745000,0.099582
2.746000,-0.418906
2.747000,-0.671444
2.748000,0.373896
2.749000,0.100337
2.750000,0.219711
2.751000,-0.598161
2.752000,0.603804
2.753000,-0.182430
2.754000,-0.047183
2.755000,0.378627
2.756000,-0.497076
2.757000,-0.452592
2.758000,0.045511
2.759000,0.545081
2.760000,0.541731
2.761000,0.530458
2.762000,-0.616386
2.763000,-0.533699
2.764000,-0.289168
2.765000,0.574350
2.766000,0.184600
2.767000,0.701493
2.768000,0.660358
2.769000,-0.229104
2.770000,0.352514
2.771000,0.025725
2.772000,0.173428
2.773000,0.265065
2.774000,-0.259343
2.775000,0.040346
2.776000,0.542208
2.777000,-0.500789
2.778000,0.086119
2.779000,-0.487117
2.780000,-0.073915
2.781000,-0.713650
2.782000,0.206599
2.783000,0.601640
2.784000,0.165301
2.785000,-0.524600
2.786000,-0.264600
2.787000,-0.491150
2.788000,-0.074548
2.789000,-0.094646
2.790000,-0.269289
2.791000,-0.401445
2.792000,-0.394020
2.793000,0.696823
2.794000,0.220056
2.795000,-0.199144
2.796000,0.509772
2.797000,0.430876
2.798000,0.290581
2.799000,-0.639755
2.800000,0.720703
2.801000,-0.262564
2.802000,-0.392679
2.803000,-0.151040
2.804000,0.709688
2.805000,-0.140490
2.806000,-0.161652
2.807000,0.570533
2.808000,-0.373686
2.809000,0.659593
2.810000,-0.113449
2.811000,0.686489
2.812000,-0.184351
2.813000,-0.343524
2.814000,0.510258
2.815000,-0.517108
2.816000,0.256749
2.817000,0.048931
2.818000,-0.502673
2.819000,0.196914
2.820000,-0.210505
2.821000,0.405823
2.822000,0.260945
2.823000,0.577850
2.824000,-0.254113
2.825000,0.687952
2.826000,-0.546720
2.827000,0.033187
2.828000,-0.653183
2.829000,-0.701158
2.830000,-0.406821
2.831000,0.115957
2.832000,0.327508
2.833000,0.106040
2.834000,-0.310331
2.835000,0.589868
2.836000,-0.247311
2.837000,0.072374
2.838000,-0.519718
2.839000,0.686375
2.840000,-0.409661
2.841000,0.143943
2.842000,0.495516
2.843000,-0.033071
2.844000,0.658750
2.845000,0.047631
2.846000,0.740958
2.847000,0.722218
2.848000,-0.297344
2.849000,0.559227
2.850000,-0.255556
2.851000,-0.680963
2.852000,-0.656283
2.853000,0.172666
2.854000,-0.125807
2.855000,-0.196534
2.856000,-0.720874
2.857000,-0.608939
2.858000,0.697053
2.859000,-0.599603
2.860000,-0.570947
2.861000,0.501192
2.862000,0.709975
2.863000,-0.520702
2.864000,-0.178217
2.865000,-0.360311
2.866000,0.252145
2.867000,-0.407560
2.868000,-0.395813
2.869000,0.260965
2.870000,-0.262723
2.871000,0.328831
2.872000,0.050260
2.873000,-0.193982
2.874000,0.142060
2.875000,-0.113789
2.876000,-0.130225
2.877000,-0.194639
2.878000,0.353755
2.879000,0.383874
2.880000,-0.484502
2.881000,0.417545
2.882000,-0.036462
2.883000,0.217677
2.884000,-0.691503
2.885000,-0.270540
2.886000,-0.226947
2.887000,0.033449
2.888000,-0.143135
2.889000,-0.470490
2.890000,-0.458206
2.891000,-0.741966
2.892000,0.489912
2.893000,0.111319
2.894000,0.284451
2.895000,0.176244
2.896000,-0.345739
2.897000,0.096418
2.898000,0.217929
2.899000,0.148659
2.900000,0.026232
2.901000,-0.007065
2.902000,-0.018420
2.903000,-0.012082
2.904000,0.049343
2.905000,0.038603
2.906000,0.038054
2.907000,-0.017827
2.908000,0.005557
2.909000,-0.009241
2.910000,0.022867
2.911000,0.010316
2.912000,0.034590
2.913000,0.024193
2.914000,-0.030045
2.915000,0.031043
2.916000,0.019446
2.917000,-0.032567
2.918000,0.029503
2.919000,-0.044231
2.920000,-0.019904
2.921000,0.002483
2.922000,0.030231
2.923000,-0.026947
2.924000,-0.027139
2.925000,-0.027775
2.926000,0.036891
2.927000,0.027874
2.928000,-0.049385
2.929000,-0.027652
2.930000,-0.025980
2.931000,0.031898
2.932000,0.030105
2.933000,0.029766
2.934000,-0.010269
2.935000,-0.049248
2.936000,0.012345
2.937000,0.031321
2.938000,-0.004220
2.939000,-0.035974
2.940000,-0.024185
2.941000,-0.034841
2.942000,0.003428
2.943000,-0.012476
2.944000,-0.027854
2.945000,-0.001242
2.946000,-0.008511
2.947000,-0.048156
2.948000,-0.029620
2.949000,-0.032665
2.950000,-0.022230
2.951000,-0.010167
2.952000,0.007387
2.953000,0.046289
2.954000,0.041860
2.955000,0.030567
2.956000,-0.027413
2.957000,0.040685
2.958000,0.047216
2.959000,-0.026511
2.960000,-0.027640
2.961000,-0.027959
2.962000,0.026195
2.963000,0.044733
2.964000,0.033359
2.965000,-0.002586
2.966000,-0.028421
2.967000,0.018862
2.968000,-0.007302
2.969000,-0.022143
2.970000,-0.035050
2.971000,0.013294
2.972000,0.028083
2.973000,0.003345
2.974000,-0.018992
2.975000,0.026029
2.976000,-0.048157
2.977000,-0.039015
2.978000,-0.013235
2.979000,0.047074
2.980000,-0.023500
2.981000,0.035454
2.982000,0.028163
2.983000,-0.046548
2.984000,0.026584
2.985000,0.033031
2.986000,-0.003925
2.987000,0.038689
2.988000,-0.035225
2.989000,-0.018187
2.990000,-0.005931
2.991000,-0.020438
2.992000,-0.002403
2.993000,0.045812
2.994000,0.048376
2.995000,-0.027214
2.996000,-0.034871
2.997000,0.026151
2.998000,-0.009007
2.999000,-0.008661
3.000000,-0.040826
3.001000,-0.048336
3.002000,0.030075
3.003000,-0.020692
3.004000,-0.014757
3.005000,-0.035084
3.006000,-0.018312
3.007000,0.006827
3.008000,0.023381
3.009000,-0.024108
3.010000,-0.003590
3.011000,0.000941
3.012000,0.049208
3.013000,0.028830
3.014000,0.031463
3.015000,0.048059
3.016000,-0.022227
3.017000,-0.006286
3.018000,0.018366
3.019000,-0.023417
3.020000,0.012280
3.021000,0.043890
3.022000,-0.026260
3.023000,-0.027722
3.024000,0.021658
3.025000,-0.021215
3.026000,-0.021033
3.027000,0.049227
3.028000,-0.046724
3.029000,0.030784
3.030000,0.015090
3.031000,-0.021096
3.032000,-0.009646
3.033000,-0.024521
3.034000,0.006616
3.035000,-0.002297
3.036000,0.019687
3.037000,0.004815
3.038000,0.034352
3.039000,-0.026556
3.040000,-0.029262
3.041000,-0.033124
3.042000,-0.013753
3.043000,0.011023
3.044000,-0.033737
3.045000,-0.019262
3.046000,0.047393
3.047000,0.047242
3.048000,0.028045
3.049000,0.017333
3.050000,-0.038383
3.051000,-0.023007
3.052000,-0.006266
3.053000,-0.004314
3.054000,0.001534
3.055000,-0.028643
3.056000,-0.039293
3.057000,-0.013074
3.058000,-0.021325
3.059000,0.047727
3.060000,0.029116
3.061000,0.042968
3.062000,0.035177
3.063000,0.048134
3.064000,0.031498
3.065000,-0.011815
3.066000,-0.003318
3.067000,0.019963
3.068000,0.004992
3.069000,0.011971
3.070000,-0.009870
3.071000,-0.020943
3.072000,-0.008030
3.073000,-0.032048
3.074000,0.041969
3.075000,0.024943
3.076000,-0.004635
3.077000,-0.040370
3.078000,-0.019787
3.079000,0.043802
3.080000,0.030145
3.081000,-0.025107
3.082000,0.022283
3.083000,0.022433
3.084000,-0.026883
3.085000,-0.012898
3.086000,-0.018349
3.087000,-0.002373
3.088000,-0.007129
3.089000,0.026813
3.090000,0.010659
3.091000,-0.019615
3.092000,-0.016338
3.093000,-0.036678
3.094000,0.049561
3.095000,0.013494
3.096000,-0.030675
3.097000,-0.031754
3.098000,0.010453
3.099000,-0.014205
3.100000,-0.039029
3.101000,0.024325
3.102000,-0.043693
3.103000,-0.002186
3.104000,0.046261
3.105000,-0.002665
3.106000,-0.032972
3.107000,0.001150
3.108000,-0.011812
3.109000,0.012698
3.110000,-0.011085
3.111000,-0.009711
3.112000,0.023483
3.113000,0.036860
3.114000,-0.005536
3.115000,0.000580
3.116000,-0.040766
3.117000,-0.025427
3.118000,-0.030977
3.119000,-0.048666
3.120000,-0.030022
3.121000,-0.033479
3.122000,-0.031750
3.123000,0.019641
3.124000,-0.049928
3.125000,0.021390
3.126000,-0.025327
3.127000,-0.025798
3.128000,0.028855
3.129000,0.040038
3.130000,0.016943
3.131000,-0.014491
3.132000,-0.011086
3.133000,0.049613
3.134000,-0.013654
3.135000,-0.048805
3.136000,0.014084
3.137000,-0.034032
3.138000,-0.010622
3.139000,-0.037799
3.140000,-0.022602
3.141000,-0.026342
3.142000,0.035826
3.143000,-0.043363
3.144000,0.044086
3.145000,0.014972
3.146000,0.000758
3.147000,0.004697
3.148000,-0.044312
3.149000,-0.019109
3.150000,0.045812
3.151000,-0.019442
3.152000,0.000747
3.153000,0.013796
3.154000,-0.039786
3.155000,-0.028215
3.156000,-0.046993
3.157000,-0.047156
3.158000,0.006398
3.159000,0.001834
3.160000,-0.039523
3.161000,0.016343
3.162000,0.016767
3.163000,-0.003413
3.164000,-0.045497
3.165000,0.012813
3.166000,0.000169
3.167000,0.007365
3.168000,-0.037535
3.169000,0.001913
3.170000,-0.028391
3.171000,0.021156
3.172000,-0.000347
3.173000,0.043045
3.174000,0.032429
3.175000,0.016669
3.176000,0.000691
3.177000,0.015091
3.178000,-0.022942
3.179000,-0.001638
3.180000,0.044428
3.181000,0.033202
3.182000,-0.002709
3.183000,-0.039222
3.184000,-0.029108
3.185000,0.010425
3.186000,-0.003882
3.187000,-0.027798
3.188000,0.015454
3.189000,0.048642
3.190000,-0.007587
3.191000,-0.011824
3.192000,-0.030295
3.193000,-0.039753
3.194000,0.022306
3.195000,0.017282
3.196000,0.030656
3.197000,0.027726
3.198000,-0.002751
3.199000,-0.046931
3.200000,-0.036555
3.201000,-0.030002
3.202000,0.024519
3.203000,-0.000475
3.204000,-0.012059
3.205000,0.047787
3.206000,-0.015357
3.207000,-0.025141
3.208000,0.045311
3.209000,0.033140
3.210000,-0.041418
3.211000,0.000746
3.212000,0.016708
3.213000,0.030367
3.214000,0.017078
3.215000,0.004213
3.216000,0.033260
3.217000,-0.012774
3.218000,0.047855
3.219000,-0.013860
3.220000,0.020124
3.221000,0.006919
3.222000,0.037871
3.223000,0.000616
3.224000,-0.017776
3.225000,0.007230
3.226000,0.014601
3.227000,-0.025175
3.228000,0.023894
3.229000,0.018878
3.230000,0.036217
3.231000,-0.027759
3.232000,0.014114
3.233000,-0.022546
3.234000,-0.001663
3.235000,-0.020103
3.236000,-0.025030
3.237000,0.048921
3.238000,-0.002186
3.239000,-0.039580
3.240000,-0.018288
3.241000,-0.030379
3.242000,0.023360
3.243000,0.005606
3.244000,-0.015220
3.245000,-0.038516
3.246000,-0.036465
3.247000,-0.010637
3.248000,0.013399
3.249000,0.048894
3.250000,-0.018333
3.251000,-0.047452
3.252000,0.000343
3.253000,-0.014405
3.254000,-0.028604
3.255000,-0.046355
3.256000,-0.048492
3.257000,-0.029090
3.258000,0.008111
3.259000,-0.003968
3.260000,0.035255
3.261000,-0.031653
3.262000,-0.041661
3.263000,-0.004930
3.264000,-0.039186
3.265000,-0.014958
3.266000,-0.026086
3.267000,-0.040248
3.268000,-0.039033
3.269000,0.035238
3.270000,0.007766
3.271000,-0.037644
3.272000,0.019005
3.273000,0.041199
3.274000,-0.008120
3.275000,-0.011184
3.276000,0.020968
3.277000,0.001985
3.278000,0.026194
3.279000,-0.009642
3.280000,0.038052
3.281000,0.021858
3.282000,0.031846
3.283000,0.042401
3.284000,-0.000861
3.285000,0.024967
3.286000,0.039330
3.287000,0.018598
3.288000,-0.024674
3.289000,-0.033480
3.290000,0.013335
3.291000,0.020401
3.292000,0.027194
3.293000,-0.014397
3.294000,0.017867
3.295000,-0.041247
3.296000,0.035412
3.297000,-0.024252
3.298000,0.006391
3.299000,-0.004047
3.300000,0.044003
3.301000,-0.044402
3.302000,-0.036320
3.303000,0.014197
3.304000,-0.002168
3.305000,0.049823
3.306000,0.004693
3.307000,0.042260
3.308000,0.010400
3.309000,-0.039311
3.310000,-0.037194
3.311000,0.047499
3.312000,0.039921
3.313000,-0.011383
3.314000,-0.023545
3.315000,-0.025963
3.316000,-0.010827
3.317000,0.026212
3.318000,-0.021358
3.319000,-0.044374
3.320000,-0.013165
3.321000,0.007908
3.322000,0.026287
3.323000,0.049256
3.324000,0.025653
3.325000,-0.003867
3.326000,-0.018937
3.327000,0.029264
3.328000,-0.016119
3.329000,-0.038494
3.330000,0.013662
3.331000,0.017067
3.332000,-0.046139
3.333000,-0.036331
3.334000,-0.003280
3.335000,0.009123
3.336000,0.002759
3.337000,-0.009401
3.338000,0.005822
3.339000,0.044235
3.340000,0.006148
3.341000,0.037626
3.342000,-0.039897
3.343000,-0.023706
3.344000,-0.007424
3.345000,0.031291
3.346000,-0.005703
3.347000,0.025436
3.348000,-0.040437
3.349000,-0.007471
3.350000,0.036355
3.351000,-0.043941
3.352000,0.012869
3.353000,-0.029394
3.354000,-0.020200
3.355000,-0.034775
3.356000,-0.019457
3.357000,-0.043686
3.358000,0.005912
3.359000,0.005353
3.360000,0.017718
3.361000,-0.011482
3.362000,-0.020820
3.363000,0.025637
3.364000,-0.009228
3.365000,-0.026220
3.366000,-0.038861
3.367000,0.009110
3.368000,0.009917
3.369000,0.019720
3.370000,0.038661
3.371000,-0.028327
3.372000,-0.021412
3.373000,-0.049179
3.374000,0.041346
3.375000,0.013837
3.376000,0.028206
3.377000,0.006523
3.378000,-0.013482
3.379000,-0.003216
3.380000,-0.004980
3.381000,0.018992
3.382000,-0.000160
3.383000,-0.044189
3.384000,0.022180
3.385000,0.028661
3.386000,-0.004671
3.387000,0.033613
3.388000,-0.027375
3.389000,0.001825
3.390000,0.013254
3.391000,-0.016598
3.392000,0.023267
3.393000,0.038862
3.394000,-0.014127
3.395000,-0.018499
3.396000,0.007532
3.397000,0.006533
3.398000,-0.039267
3.399000,-0.009182
3.400000,0.039224
3.401000,-0.043071
3.402000,0.025935
3.403000,-0.024865
3.404000,0.041536
3.405000,0.040268
3.406000,0.001746
3.407000,-0.047420
3.408000,-0.027931
3.409000,-0.021250
3.410000,-0.045433
3.411000,-0.007930
3.412000,0.025281
3.413000,0.023270
3.414000,-0.039956
3.415000,-0.005764
3.416000,0.038726
3.417000,0.033220
3.418000,-0.027962
3.419000,-0.012726
3.420000,-0.005824
3.421000,-0.040487
3.422000,-0.011700
3.423000,-0.005675
3.424000,0.044433
3.425000,0.015083
3.426000,0.023056
3.427000,0.024978
3.428000,0.033247
3.429000,-0.017657
3.430000,-0.047779
3.431000,0.031967
3.432000,0.010116
3.433000,0.015422
3.434000,-0.034422
3.435000,-0.043351
3.436000,0.000700
3.437000,-0.003665
3.438000,0.014930
3.439000,0.007521
3.440000,0.025758
3.441000,-0.000962
3.442000,0.025827
3.443000,0.011661
3.444000,-0.038177
3.445000,0.048749
3.446000,-0.011726
3.447000,0.000766
3.448000,0.011872
3.449000,-0.035466
3.450000,-0.005613
3.451000,0.048071
3.452000,0.041656
3.453000,0.018889
3.454000,-0.024576
3.455000,-0.009453
3.456000,-0.000838
3.457000,-0.038719
3.458000,-0.032406
3.459000,0.011546
3.460000,0.013788
3.461000,0.039415
3.462000,-0.008829
3.463000,-0.038311
3.464000,0.009546
3.465000,-0.032362
3.466000,0.008158
3.467000,-0.008140
3.468000,-0.000557
3.469000,0.000341
3.470000,-0.047815
3.471000,-0.024254
3.472000,0.011317
3.473000,-0.017770
3.474000,-0.006282
3.475000,0.039127
3.476000,0.026375
3.477000,-0.002883
3.478000,-0.019739
3.479000,-0.045419
3.480000,-0.000657
3.481000,0.021197
3.482000,0.047353
3.483000,-0.030218
3.484000,-0.024846
3.485000,-0.023699
3.486000,0.013588
3.487000,-0.001733
3.488000,-0.024639
3.489000,0.011913
3.490000,0.043282
3.491000,-0.014919
3.492000,-0.049380
3.493000,-0.015357
3.494000,0.001307
3.495000,-0.039494
3.496000,-0.048898
3.497000,0.014615
3.498000,-0.017984
3.499000,-0.049149
3.500000,0.491439
3.501000,0.079899
3.502000,0.196439
3.503000,0.030650
3.504000,-0.179516
3.505000,0.453899
3.506000,0.409738
3.507000,-0.338977
3.508000,-0.374640
3.509000,0.642577
3.510000,-0.033596
3.511000,0.415508
3.512000,0.329658
3.513000,-0.271537
3.514000,0.676183
3.515000,-0.041153
3.516000,0.568354
3.517000,-0.218007
3.518000,0.013713
3.519000,0.345873
3.520000,0.214031
3.521000,-0.077421
3.522000,-0.032687
3.523000,0.724641
3.524000,0.195798
3.525000,0.649096
3.526000,0.359251
3.527000,0.294857
3.528000,-0.504321
3.529000,0.431025
3.530000,0.375524
3.531000,-0.224069
3.532000,-0.242515
3.533000,-0.172234
3.534000,0.372594
3.535000,-0.142149
3.536000,0.490045
3.537000,0.643235
3.538000,-0.024617
3.539000,0.552209
3.540000,0.094088
3.541000,0.569875
3.542000,0.292130
3.543000,0.085241
3.544000,0.370414
3.545000,0.560799
3.546000,-0.418803
3.547000,0.215650
3.548000,0.676449
3.549000,0.404430
3.550000,-0.654681
3.551000,0.043936
3.552000,0.663049
3.553000,-0.607799
3.554000,-0.387343
3.555000,-0.024401
3.556000,-0.245780
3.557000,-0.245698
3.558000,0.178278
3.559000,-0.703138
3.560000,-0.286284
3.561000,-0.513656
3.562000,0.157491
3.563000,0.637173
3.564000,0.553196
3.565000,-0.024193
3.566000,0.135372
3.567000,-0.508483
3.568000,0.470467
3.569000,-0.334648
3.570000,-0.485987
3.571000,0.397288
3.572000,0.281359
3.573000,-0.222397
3.574000,0.082895
3.575000,0.697838
3.576000,0.066896
3.577000,0.274466
3.578000,0.323002
3.579000,0.647138
3.580000,0.377168
3.581000,-0.577932
3.582000,0.619721
3.583000,0.050985
3.584000,0.574170
3.585000,0.306446
3.586000,0.684566
3.587000,-0.109820
3.588000,-0.699579
3.589000,0.345907
3.590000,-0.216136
3.591000,-0.588131
3.592000,-0.430904
3.593000,-0.492208
3.594000,0.681376
3.595000,0.434711
3.596000,0.631081
3.597000,0.636907
3.598000,0.728320
3.599000,0.022512
3.600000,-0.473668
3.601000,0.049072
3.602000,-0.635759
3.603000,-0.164317
3.604000,-0.561766
3.605000,0.258291
3.606000,0.081728
3.607000,-0.200039
3.608000,-0.084593
3.609000,-0.339736
3.610000,0.527330
3.611000,-0.228933
3.612000,-0.089853
3.613000,-0.302708
3.614000,-0.617738
3.615000,-0.734058
3.616000,0.357223
3.617000,-0.375834
3.618000,0.692337
3.619000,0.622528
3.620000,0.101299
3.621000,0.026094
3.622000,0.009538
3.623000,0.128028
3.624000,0.695853
3.625000,0.137998
3.626000,-0.669813
3.627000,0.346882
3.628000,-0.512180
3.629000,0.526096
3.630000,-0.693479
3.631000,-0.528570
3.632000,-0.215365
3.633000,-0.696890
3.634000,-0.520921
3.635000,0.204144
3.636000,0.361704
3.637000,-0.191839
3.638000,0.760612
3.639000,-0.238404
3.640000,-0.633807
3.641000,-0.672438
3.642000,0.566113
3.643000,0.192585
3.644000,0.012716
3.645000,0.673928
3.646000,0.378363
3.647000,-0.181511
3.648000,0.707000
3.649000,-0.249550
3.650000,-0.492202
3.651000,-0.418208
3.652000,0.308242
3.653000,-0.052028
3.654000,-0.539097
3.655000,0.610369
3.656000,0.372527
3.657000,-0.271379
3.658000,0.133850
3.659000,0.452456
3.660000,0.596337
3.661000,0.391121
3.662000,0.147003
3.663000,0.016709
3.664000,-0.683611
3.665000,-0.718661
3.666000,-0.179867
3.667000,-0.340899
3.668000,-0.378283
3.669000,0.470604
3.670000,-0.079099
3.671000,-0.278792
3.672000,-0.192550
3.673000,0.032484
3.674000,-0.056867
3.675000,-0.138491
3.676000,0.534752
3.677000,-0.191801
3.678000,0.029367
3.679000,-0.672850
3.680000,0.558370
3.681000,0.366801
3.682000,0.160694
3.683000,0.371193
3.684000,0.637623
3.685000,-0.222926
3.686000,-0.241895
3.687000,-0.133976
3.688000,-0.393251
3.689000,-0.313013
3.690000,0.193072
3.691000,-0.509724
3.692000,-0.600779
3.693000,-0.460740
3.694000,-0.597928
3.695000,-0.626029
3.696000,-0.495671
3.697000,0.676683
3.698000,-0.539662
3.699000,0.303915
3.700000,0.660345
3.701000,-0.446364
3.702000,-0.288475
3.703000,0.069677
3.704000,0.341354
3.705000,-0.080072
3.706000,0.073039
3.707000,0.010947
3.708000,0.021977
3.709000,0.203961
3.710000,-0.017917
3.711000,-0.307813
3.712000,-0.140000
3.713000,-0.149893
3.714000,0.139429
3.715000,-0.664527
3.716000,0.386689
3.717000,-0.001962
3.718000,0.258795
3.719000,-0.284215
3.720000,-0.606511
3.721000,0.156401
3.722000,0.561473
3.723000,0.425387
3.724000,0.038130
3.725000,0.614446
3.726000,0.072001
3.727000,-0.005214
3.728000,-0.636221
3.729000,-0.364143
3.730000,0.740326
3.731000,-0.659466
3.732000,-0.323683
3.733000,0.096113
3.734000,-0.129104
3.735000,0.465232
3.736000,-0.158401
3.737000,-0.041887
3.738000,-0.241886
3.739000,0.321127
3.740000,-0.178469
3.741000,-0.083639
3.742000,-0.315889
3.743000,0.553746
3.744000,0.081194
3.745000,0.471057
3.746000,-0.474464
3.747000,0.402635
3.748000,-0.140724
3.749000,0.513303
3.750000,0.488356
3.751000,-0.132384
3.752000,-0.067927
3.753000,-0.533932
3.754000,0.703587
3.755000,-0.376914
3.756000,0.027121
3.757000,-0.569642
3.758000,0.307356
3.759000,-0.510615
3.760000,0.769849
3.761000,0.618671
3.762000,-0.359677
3.763000,0.265143
3.764000,0.310941
3.765000,0.012365
3.766000,-0.421718
3.767000,0.199715
3.768000,-0.362183
3.769000,-0.040175
3.770000,-0.015584
3.771000,0.696187
3.772000,0.025397
3.773000,-0.051887
3.774000,0.347002
3.775000,0.080260
3.776000,0.567972
3.777000,0.601891
3.778000,-0.130924
3.779000,-0.228064
3.780000,0.607924
3.781000,-0.081730
3.782000,0.461945
3.783000,0.591835
3.784000,-0.693301
3.785000,0.373183
3.786000,0.281851
3.787000,-0.369714
3.788000,0.721769
3.789000,-0.519568
3.790000,0.075624
3.791000,-0.485897
3.792000,-0.352568
3.793000,0.416572
3.794000,0.183914
3.795000,0.046144
3.796000,0.009932
3.797000,-0.498248
3.798000,0.317933
3.799000,0.614425
3.800000,0.689309
3.801000,0.587552
3.802000,0.119532
3.803000,0.217134
3.804000,0.389294
3.805000,0.679929
3.806000,0.402612
3.807000,-0.521781
3.808000,-0.308214
3.809000,-0.541763
3.810000,-0.007461
3.811000,0.530977
3.812000,-0.330847
3.813000,-0.023902
3.814000,-0.404409
3.815000,0.327471
3.816000,-0.130576
3.817000,-0.121138
3.818000,-0.684231
3.819000,0.652030
3.820000,-0.212101
3.821000,0.446442
3.822000,0.142161
3.823000,-0.023440
3.824000,0.556169
3.825000,-0.412918
3.826000,0.111640
3.827000,0.350144
3.828000,-0.432607
3.829000,-0.406913
3.830000,-0.555297
3.831000,-0.190705
3.832000,-0.353488
3.833000,-0.304920
3.834000,0.372135
3.835000,-0.531629
3.836000,0.065269
3.837000,0.447650
3.838000,0.761024
3.839000,0.529331
3.840000,-0.412550
3.841000,-0.659764
3.842000,-0.362690
3.843000,-0.592702
3.844000,0.434839
3.845000,-0.077752
3.846000,-0.406287
3.847000,-0.090905
3.848000,0.601738
3.849000,-0.672568
3.850000,-0.458058
3.851000,-0.589485
3.852000,-0.246242
3.853000,0.595412
3.854000,0.286605
3.855000,0.429401
3.856000,0.452682
3.857000,-0.483156
3.858000,0.427536
3.859000,0.267979
3.860000,0.198712
3.861000,-0.022110
3.862000,-0.118995
3.863000,-0.235103
3.864000,-0.453774
3.865000,0.162023
3.866000,-0.332595
3.867000,-0.131883
3.868000,-0.291682
3.869000,0.063351
3.870000,-0.457993
3.871000,0.173138
3.872000,-0.306530
3.873000,-0.170914
3.874000,-0.522026
3.875000,0.324299
3.876000,0.450973
3.877000,0.106743
3.878000,-0.634367
3.879000,0.526347
3.880000,0.411686
3.881000,-0.101862
3.882000,0.078541
3.883000,0.336196
3.884000,-0.727316
3.885000,0.567159
3.886000,-0.730153
3.887000,0.033386
3.888000,-0.684959
3.889000,0.250272
3.890000,-0.566647
3.891000,0.354366
3.892000,0.423432
3.893000,0.268976
3.894000,0.660790
3.895000,0.304769
3.896000,-0.576717
3.897000,0.015554
3.898000,0.493089
3.899000,0.708324
3.900000,-0.041326
3.901000,-0.002667
3.902000,-0.049753
3.903000,-0.044226
3.904000,0.015236
3.905000,0.018852
3.906000,0.018467
3.907000,0.026301
3.908000,-0.047874
3.909000,-0.003114
3.910000,0.031289
3.911000,-0.015301
3.912000,-0.026281
3.913000,-0.006873
3.914000,0.005591
3.915000,0.032013
3.916000,-0.047488
3.917000,0.039808
3.918000,0.003822
3.919000,-0.021699
3.920000,-0.045757
3.921000,-0.039628
3.922000,0.010354
3.923000,-0.031885
3.924000,0.017237
3.925000,-0.037066
3.926000,0.036473
3.927000,0.028728
3.928000,0.031583
3.929000,-0.013579
3.930000,0.048097
3.931000,0.007301
3.932000,-0.028627
3.933000,0.010016
3.934000,0.036943
3.935000,-0.032480
3.936000,-0.020238
3.937000,-0.038402
3.938000,-0.030952
3.939000,0.015553
3.940000,0.040858
3.941000,-0.026573
3.942000,-0.031442
3.943000,-0.011072
3.944000,-0.018317
3.945000,0.039382
3.946000,-0.025120
3.947000,-0.043765
3.948000,0.000223
3.949000,0.003917
3.950000,-0.004980
3.951000,-0.047688
3.952000,0.032845
3.953000,0.010938
3.954000,0.017556
3.955000,0.019777
3.956000,0.042961
3.957000,-0.033003
3.958000,0.045502
3.959000,-0.038035
3.960000,0.009299
3.961000,-0.004222
3.962000,0.046668
3.963000,0.036264
3.964000,0.004832
3.965000,0.012277
3.966000,0.028757
3.967000,-0.041495
3.968000,0.046148
3.969000,0.032035
3.970000,-0.040670
3.971000,0.005016
3.972000,0.046167
3.973000,0.000946
3.974000,0.015283
3.975000,0.018544
3.976000,-0.001497
3.977000,0.027533
3.978000,0.034784
3.979000,-0.028848
3.980000,0.015682
3.981000,0.010050
3.982000,-0.012261
3.983000,-0.031176
3.984000,0.029677
3.985000,-0.008921
3.986000,-0.018297
3.987000,-0.026623
3.988000,-0.028135
3.989000,0.021424
3.990000,0.042174
3.991000,0.017894
3.992000,-0.002456
3.993000,-0.036153
3.994000,0.026028
3.995000,-0.001159
3.996000,-0.019370
3.997000,-0.041235
3.998000,-0.049297
3.999000,0.044973
4.000000,-0.042543
4.001000,0.033251
4.002000,0.032203
4.003000,-0.013627
4.004000,0.004013
4.005000,0.047254
4.006000,-0.006559
4.007000,0.028798
4.008000,0.024532
4.009000,0.036940
4.010000,0.001823
4.011000,-0.016598
4.012000,0.024520
4.013000,0.039051
4.014000,0.010806
4.015000,0.024727
4.016000,-0.012707
4.017000,-0.031447
4.018000,-0.020029
4.019000,-0.035006
4.020000,-0.027641
4.021000,-0.035414
4.022000,-0.039735
4.023000,0.010000
4.024000,-0.043692
4.025000,-0.023988
4.026000,-0.027137
4.027000,-0.030731
4.028000,0.026767
4.029000,-0.004033
4.030000,-0.003183
4.031000,0.012268
4.032000,0.013122
4.033000,0.027853
4.034000,0.011040
4.035000,-0.041537
4.036000,-0.010547
4.037000,0.040988
4.038000,0.001807
4.039000,-0.022140
4.040000,-0.038714
4.041000,-0.008929
4.042000,0.016901
4.043000,0.012783
4.044000,0.047241
4.045000,-0.048740
4.046000,0.004629
4.047000,0.017838
4.048000,-0.032913
4.049000,0.012635
4.050000,0.017944
4.051000,-0.038033
4.052000,-0.040347
4.053000,0.049696
4.054000,-0.016031
4.055000,-0.007650
4.056000,0.024927
4.057000,-0.042729
4.058000,-0.002381
4.059000,-0.046796
4.060000,-0.048786
4.061000,-0.041108
4.062000,0.004748
4.063000,0.016332
4.064000,0.002528
4.065000,-0.011530
4.066000,0.023023
4.067000,0.027917
4.068000,0.005057
4.069000,-0.010380
4.070000,0.011517
4.071000,-0.033432
4.072000,-0.040071
4.073000,-0.046017
4.074000,0.020116
4.075000,-0.005488
4.076000,-0.007506
4.077000,-0.042645
4.078000,-0.018962
4.079000,0.044472
4.080000,0.011179
4.081000,0.000267
4.082000,0.042417
4.083000,-0.037626
4.084000,-0.032256
4.085000,0.017879
4.086000,0.024780
4.087000,-0.020793
4.088000,0.005150
4.089000,-0.042006
4.090000,0.002270
4.091000,-0.038110
4.092000,0.045436
4.093000,-0.000876
4.094000,-0.011468
4.095000,-0.034522
4.096000,0.026076
4.097000,-0.037772
4.098000,-0.013073
4.099000,0.034090
4.100000,-0.049454
4.101000,0.015589
4.102000,-0.029985
4.103000,-0.002593
4.104000,0.027846
4.105000,-0.002890
4.106000,-0.016251
4.107000,0.007959
4.108000,-0.026133
4.109000,0.000273
4.110000,0.037781
4.111000,-0.022465
4.112000,-0.011696
4.113000,0.000782
4.114000,0.001280
4.115000,-0.029041
4.116000,0.018442
4.117000,-0.046065
4.118000,-0.002029
4.119000,-0.043288
4.120000,-0.007648
4.121000,0.039396
4.122000,-0.016736
4.123000,0.047943
4.124000,0.001569
4.125000,-0.026535
4.126000,0.023940
4.127000,0.016370
4.128000,0.039559
4.129000,-0.040753
4.130000,-0.027655
4.131000,0.004460
4.132000,0.014383
4.133000,-0.024186
4.134000,0.032315
4.135000,-0.006926
4.136000,-0.035279
4.137000,0.006761
4.138000,-0.033443
4.139000,0.017848
4.140000,0.030511
4.141000,-0.033170
4.142000,-0.007618
4.143000,0.044666
4.144000,0.026426
4.145000,0.044162
4.146000,-0.009245
4.147000,0.016175
4.148000,-0.042654
4.149000,-0.046838
4.150000,-0.000194
4.151000,-0.012267
4.152000,-0.035775
4.153000,-0.048895
4.154000,-0.032312
4.155000,0.016347
4.156000,0.028403
4.157000,-0.004610
4.158000,0.002683
4.159000,0.034141
4.160000,-0.029258
4.161000,-0.024012
4.162000,-0.038686
4.163000,-0.047772
4.164000,0.021247
4.165000,0.008442
4.166000,0.028605
4.167000,-0.035094
4.168000,-0.046374
4.169000,-0.020974
4.170000,-0.001737
4.171000,-0.032254
4.172000,0.002500
4.173000,0.049290
4.174000,0.000452
4.175000,0.011937
4.176000,0.007872
4.177000,-0.013855
4.178000,0.034170
4.179000,0.003006
4.180000,0.011162
4.181000,-0.032678
4.182000,0.021346
4.183000,0.025054
4.184000,0.006783
4.185000,-0.029489
4.186000,-0.025364
4.187000,-0.014463
4.188000,0.016918
4.189000,0.032078
4.190000,0.003940
4.191000,0.004622
4.192000,0.042681
4.193000,0.034386
4.194000,-0.045707
4.195000,0.042875
4.196000,0.037829
4.197000,0.008757
4.198000,0.022605
4.199000,-0.018481
4.200000,0.000647
4.201000,-0.022264
4.202000,-0.007238
4.203000,0.000430
4.204000,0.034577
4.205000,-0.001177
4.206000,-0.025015
4.207000,-0.008983
4.208000,-0.001707
4.209000,-0.031441
4.210000,-0.024494
4.211000,-0.039257
4.212000,-0.048481
4.213000,-0.006721
4.214000,-0.000120
4.215000,0.018296
4.216000,-0.042375
4.217000,-0.016190
4.218000,-0.046052
4.219000,-0.043252
4.220000,0.016417
4.221000,0.048986
4.222000,0.016396
4.223000,-0.000988
4.224000,0.013829
4.225000,-0.012141
4.226000,0.034312
4.227000,0.037799
4.228000,-0.035737
4.229000,0.016755
4.230000,-0.034463
4.231000,-0.031574
4.232000,-0.040917
4.233000,-0.004848
4.234000,0.013402
4.235000,-0.016524
4.236000,0.035386
4.237000,0.033973
4.238000,-0.029410
4.239000,-0.032534
4.240000,-0.015344
4.241000,-0.032535
4.242000,0.045237
4.243000,-0.009779
4.244000,0.039177
4.245000,0.003033
4.246000,-0.017432
4.247000,-0.001549
4.248000,-0.027204
4.249000,0.040785
4.250000,0.022263
4.251000,0.002002
4.252000,0.007670
4.253000,-0.012494
4.254000,0.002457
4.255000,0.018313
4.256000,0.046797
4.257000,-0.025634
4.258000,0.041365
4.259000,-0.007512
4.260000,0.013333
4.261000,0.020254
4.262000,0.030017
4.263000,0.025632
4.264000,0.021811
4.265000,-0.036565
4.266000,-0.020839
4.267000,0.021039
4.268000,-0.002206
4.269000,0.046843
4.270000,-0.000116
4.271000,0.027502
4.272000,0.008308
4.273000,0.013965
4.274000,0.042256
4.275000,0.038780
4.276000,-0.036957
4.277000,0.015143
4.278000,0.015127
4.279000,0.023028
4.280000,-0.020725
4.281000,-0.016698
4.282000,0.008874
4.283000,0.011819
4.284000,-0.036727
4.285000,0.045741
4.286000,-0.003468
4.287000,0.020152
4.288000,0.029498
4.289000,0.015945
4.290000,-0.033192
4.291000,-0.017912
4.292000,0.029201
4.293000,-0.031685
4.294000,-0.028322
4.295000,-0.011573
4.296000,-0.016861
4.297000,-0.002447
4.298000,-0.035445
4.299000,0.043452
4.300000,0.011567
4.301000,-0.006656
4.302000,0.043409
4.303000,0.016551
4.304000,0.044882
4.305000,-0.021549
4.306000,0.009513
4.307000,0.023636
4.308000,-0.016428
4.309000,0.047106
4.310000,0.004612
4.311000,0.031140
4.312000,0.022749
4.313000,0.010812
4.314000,0.032367
4.315000,-0.009272
4.316000,-0.040350
4.317000,-0.044634
4.318000,0.014149
4.319000,0.032906
4.320000,-0.027533
4.321000,-0.015874
4.322000,-0.047009
4.323000,0.039012
4.324000,-0.007578
4.325000,-0.008186
4.326000,0.019002
4.327000,-0.032107
4.328000,-0.014131
4.329000,0.042851
4.330000,-0.042593
4.331000,-0.018954
4.332000,-0.022137
4.333000,0.035023
4.334000,0.015102
4.335000,-0.029060
4.336000,-0.041393
4.337000,0.015403
4.338000,-0.007494
4.339000,0.015254
4.340000,0.047004
4.341000,0.017959
4.342000,0.041264
4.343000,-0.000071
4.344000,0.004602
4.345000,0.012076
4.346000,-0.036230
4.347000,0.044438
4.348000,-0.037497
4.349000,0.036606
4.350000,0.019223
4.351000,-0.023212
4.352000,-0.019862
4.353000,0.042224
4.354000,-0.002257
4.355000,0.022065
4.356000,0.005994
4.357000,-0.037149
4.358000,0.026619
4.359000,-0.004327
4.360000,-0.009421
4.361000,0.016114
4.362000,0.020788
4.363000,-0.032734
4.364000,-0.039378
4.365000,-0.047106
4.366000,0.041670
4.367000,-0.017617
4.368000,-0.039402
4.369000,0.027150
4.370000,0.039157
4.371000,-0.011783
4.372000,0.046236
4.373000,0.024376
4.374000,0.020083
4.375000,0.034596
4.376000,-0.027515
4.377000,-0.035711
4.378000,-0.046377
4.379000,0.045322
4.380000,-0.027652
4.381000,-0.014141
4.382000,0.013878
4.383000,0.045722
4.384000,0.018075
4.385000,-0.043820
4.386000,0.000253
4.387000,0.008111
4.388000,-0.036707
4.389000,-0.011104
4.390000,0.038436
4.391000,0.023166
4.392000,-0.026896
4.393000,-0.041332
4.394000,0.018603
4.395000,-0.001892
4.396000,0.045421
4.397000,-0.033107
4.398000,0.039026
4.399000,0.027462
4.400000,0.049524
4.401000,0.000566
4.402000,0.021522
4.403000,0.031241
4.404000,0.028050
4.405000,0.026620
4.406000,-0.010123
4.407000,0.002220
4.408000,0.026301
4.409000,0.021165
4.410000,-0.033194
4.411000,0.004884
4.412000,-0.023941
4.413000,0.003057
4.414000,-0.036937
4.415000,-0.034478
4.416000,0.019755
4.417000,-0.048195
4.418000,-0.047582
4.419000,0.001499
4.420000,-0.004764
4.421000,-0.011308
4.422000,-0.023596
4.423000,0.037969
4.424000,-0.047094
4.425000,0.044279
4.426000,0.043076
4.427000,0.009475
4.428000,-0.026666
4.429000,-0.030843
4.430000,0.011466
4.431000,0.036325
4.432000,-0.038389
4.433000,0.023390
4.434000,0.030244
4.435000,-0.004647
4.436000,-0.009430
4.437000,0.018826
4.438000,-0.039470
4.439000,-0.028218
4.440000,-0.022668
4.441000,-0.043394
4.442000,-0.008238
4.443000,0.036832
4.444000,-0.023430
4.445000,-0.005965
4.446000,0.009554
4.447000,-0.031183
4.448000,0.003828
4.449000,-0.034048
4.450000,0.027781
4.451000,-0.004702
4.452000,0.015727
4.453000,0.016529
4.454000,0.035356
4.455000,0.013091
4.456000,-0.008606
4.457000,-0.006647
4.458000,-0.010640
4.459000,-0.033460
4.460000,0.000098
4.461000,-0.029130
4.462000,-0.036793
4.463000,0.025950
4.464000,-0.002494
4.465000,-0.011039
4.466000,0.015915
4.467000,0.048270
4.468000,0.011733
4.469000,-0.040072
4.470000,0.042555
4.471000,-0.025615
4.472000,-0.035955
4.473000,-0.025504
4.474000,-0.012155
4.475000,0.039184
4.476000,-0.005238
4.477000,-0.032288
4.478000,-0.045077
4.479000,0.036133
4.480000,0.017116
4.481000,-0.013248
4.482000,0.022557
4.483000,0.003313
4.484000,0.040215
4.485000,-0.011292
4.486000,0.005498
4.487000,0.020857
4.488000,0.020222
4.489000,0.004914
4.490000,0.018910
4.491000,-0.036356
4.492000,-0.006284
4.493000,-0.030287
4.494000,-0.047204
4.495000,-0.047620
4.496000,0.018014
4.497000,0.007412
4.498000,0.046895
4.499000,0.017484
4.500000,-0.032233
4.501000,-0.031431
4.502000,-0.045444
4.503000,0.047793
4.504000,0.044571
4.505000,0.031299
4.506000,-0.008241
4.507000,0.025040
4.508000,0.045656
4.509000,-0.038801
4.510000,-0.001606
4.511000,0.015224
4.512000,-0.044584
4.513000,-0.021965
4.514000,0.013745
4.515000,-0.034868
4.516000,0.023822
4.517000,0.047039
4.518000,-0.037475
4.519000,-0.007814
4.520000,-0.015254
4.521000,-0.046996
4.522000,0.012815
4.523000,0.026370
4.524000,0.003210
4.525000,-0.013843
4.526000,-0.012426
4.527000,0.049042
4.528000,0.018173
4.529000,-0.012167
4.530000,0.028659
4.531000,0.038806
4.532000,0.014382
4.533000,-0.019332
4.534000,-0.019372
4.535000,0.037223
4.536000,-0.033187
4.537000,0.006907
4.538000,0.005897
4.539000,0.035257
4.540000,-0.037651
4.541000,0.033219
4.542000,0.013183
4.543000,0.024340
4.544000,-0.049588
4.545000,-0.035809
4.546000,-0.045091
4.547000,-0.003426
4.548000,-0.041033
4.549000,-0.006144
4.550000,-0.017045
4.551000,0.028039
4.552000,-0.002680
4.553000,-0.035330
4.554000,0.020424
4.555000,-0.012874
4.556000,0.009284
4.557000,0.031886
4.558000,0.017035
4.559000,-0.026066
4.560000,-0.031452
4.561000,-0.041555
4.562000,-0.025424
4.563000,-0.000525
4.564000,-0.028670
4.565000,0.036167
4.566000,0.008089
4.567000,-0.038857
4.568000,0.035056
4.569000,-0.036297
4.570000,-0.011124
4.571000,0.039468
4.572000,-0.014205
4.573000,-0.041153
4.574000,-0.021765
4.575000,-0.043749
4.576000,-0.014487
4.577000,-0.035942
4.578000,0.016643
4.579000,0.027261
4.580000,0.014100
4.581000,0.022060
4.582000,0.005472
4.583000,-0.002904
4.584000,0.035552
4.585000,-0.048615
4.586000,0.034391
4.587000,0.005350
4.588000,0.011306
4.589000,-0.005768
4.590000,-0.004782
4.591000,0.021665
4.592000,-0.020881
4.593000,0.010760
4.594000,0.010213
4.595000,-0.007243
4.596000,0.009016
4.597000,-0.040308
4.598000,-0.018565
4.599000,0.005226
4.600000,0.021302
4.601000,-0.035846
4.602000,-0.010623
4.603000,-0.001829
4.604000,0.004236
4.605000,-0.018416
4.606000,0.046297
4.607000,-0.042892
4.608000,-0.018247
4.609000,-0.045469
4.610000,0.021047
4.611000,-0.021851
4.612000,-0.048619
4.613000,0.019190
4.614000,-0.034430
4.615000,-0.035296
4.616000,0.005994
4.617000,0.012110
4.618000,0.035536
4.619000,-0.001215
4.620000,-0.004444
4.621000,0.040818
4.622000,0.034091
4.623000,0.026867
4.624000,0.013702
4.625000,0.043135
4.626000,0.003572
4.627000,-0.011293
4.628000,0.039054
4.629000,-0.027565
4.630000,-0.030111
4.631000,-0.018804
4.632000,0.040950
4.633000,0.046975
4.634000,-0.000593
4.635000,0.029810
4.636000,-0.029876
4.637000,-0.029079
4.638000,-0.031728
4.639000,-0.021321
4.640000,-0.037970
4.641000,0.008531
4.642000,-0.034965
4.643000,-0.049725
4.644000,0.040422
4.645000,0.028658
4.646000,-0.004312
4.647000,-0.009326
4.648000,-0.022754
4.649000,0.002394
4.650000,-0.040081
4.651000,-0.034996
4.652000,0.040220
4.653000,-0.049499
4.654000,-0.032607
4.655000,0.043913
4.656000,-0.036173
4.657000,0.025595
4.658000,0.002443
4.659000,0.034472
4.660000,0.031066
4.661000,0.027465
4.662000,0.042407
4.663000,0.042833
4.664000,0.021635
4.665000,0.029226
4.666000,0.014966
4.667000,0.036012
4.668000,0.023091
4.669000,-0.040104
4.670000,0.043039
4.671000,0.009768
4.672000,-0.032018
4.673000,0.040096
4.674000,-0.028820
4.675000,-0.034905
4.676000,0.015160
4.677000,-0.032815
4.678000,-0.020221
4.679000,-0.040600
4.680000,0.027658
4.681000,0.013926
4.682000,-0.037775
4.683000,0.045720
4.684000,0.023823
4.685000,-0.025769
4.686000,0.007586
4.687000,-0.027805
4.688000,0.000900
4.689000,-0.007601
4.690000,0.038790
4.691000,-0.006791
4.692000,0.034327
4.693000,0.001019
4.694000,0.012368
4.695000,0.005303
4.696000,-0.033841
4.697000,0.043509
4.698000,0.029159
4.699000,-0.043991
4.700000,0.029650
4.701000,-0.014729
4.702000,-0.031391
4.703000,-0.001614
4.704000,-0.019142
4.705000,0.037523
4.706000,-0.020656
4.707000,0.008332
4.708000,-0.009539
4.709000,-0.033270
4.710000,-0.032864
4.711000,-0.014227
4.712000,0.032962
4.713000,0.030515
4.714000,-0.032142
4.715000,0.026529
4.716000,-0.041451
4.717000,0.019736
4.718000,-0.016069
4.719000,0.023336
4.720000,-0.049095
4.721000,0.017700
4.722000,-0.045784
4.723000,0.018865
4.724000,-0.013608
4.725000,-0.008192
4.726000,-0.009599
4.727000,0.039278
4.728000,-0.018811
4.729000,-0.031523
4.730000,0.043513
4.731000,-0.034270
4.732000,-0.009717
4.733000,-0.042766
4.734000,-0.001393
4.735000,0.049971
4.736000,0.006736
4.737000,-0.016980
4.738000,0.020437
4.739000,-0.002443
4.740000,0.012901
4.741000,-0.009055
4.742000,-0.010507
4.743000,-0.041267
4.744000,0.040796
4.745000,0.047676
4.746000,-0.001015
4.747000,0.021845
4.748000,0.016950
4.749000,-0.003556
4.750000,0.024583
4.751000,-0.003252
4.752000,-0.043340
4.753000,-0.000301
4.754000,0.042686
4.755000,-0.013856
4.756000,-0.038837
4.757000,-0.004029
4.758000,-0.031461
4.759000,0.020365
4.760000,0.041417
4.761000,-0.029938
4.762000,0.039714
4.763000,0.029061
4.764000,-0.044781
4.765000,-0.007829
4.766000,-0.043043
4.767000,0.015326
4.768000,-0.045726
4.769000,-0.026379
4.770000,-0.022171
4.771000,-0.010137
4.772000,-0.003756
4.773000,0.017161
4.774000,-0.045335
4.775000,0.030185
4.776000,-0.038790
4.777000,-0.011431
4.778000,0.040920
4.779000,-0.034513
4.780000,0.033254
4.781000,-0.009857
4.782000,0.000852
4.783000,0.036443
4.784000,0.044986
4.785000,-0.016479
4.786000,0.020684
4.787000,0.048513
4.788000,0.015329
4.789000,0.018568
4.790000,-0.047311
4.791000,-0.014922
4.792000,-0.013942
4.793000,-0.014586
4.794000,0.012954
4.795000,-0.019679
4.796000,-0.019297
4.797000,0.010744
4.798000,0.016809
4.799000,0.016061
4.800000,-0.029572
4.801000,0.047010
4.802000,-0.015064
4.803000,0.018256
4.804000,-0.040264
4.805000,-0.030016
4.806000,-0.007680
4.807000,-0.017894
4.808000,-0.035567
4.809000,-0.027204
4.810000,-0.009697
4.811000,-0.020973
4.812000,0.001474
4.813000,0.001748
4.814000,-0.021985
4.815000,0.018404
4.816000,0.032156
4.817000,0.027270
4.818000,0.039940
4.819000,0.041859
4.820000,0.025156
4.821000,-0.042196
4.822000,-0.018255
4.823000,-0.013437
4.824000,-0.008810
4.825000,-0.040370
4.826000,-0.024388
4.827000,0.047943
4.828000,-0.043892
4.829000,0.045940
4.830000,0.040312
4.831000,-0.037879
4.832000,0.008669
4.833000,0.016129
4.834000,-0.009004
4.835000,0.010759
4.836000,0.046063
4.837000,0.033995
4.838000,-0.034946
4.839000,-0.034054
4.840000,0.006965
4.841000,-0.015508
4.842000,0.044849
4.843000,-0.005048
4.844000,0.047793
4.845000,0.013259
4.846000,0.034396
4.847000,0.049784
4.848000,-0.008634
4.849000,-0.034529
4.850000,-0.015514
4.851000,0.023280
4.852000,-0.046748
4.853000,0.011685
4.854000,-0.041173
4.855000,-0.002339
4.856000,0.018371
4.857000,0.010053
4.858000,0.025448
4.859000,-0.006092
4.860000,0.030903
4.861000,0.035591
4.862000,-0.011956
4.863000,0.031843
4.864000,0.044936
4.865000,0.013001
4.866000,-0.000075
4.867000,0.011373
4.868000,0.040178
4.869000,0.007943
4.870000,-0.036953
4.871000,-0.009470
4.872000,-0.042811
4.873000,0.032198
4.874000,0.044213
4.875000,-0.012625
4.876000,-0.013476
4.877000,0.025166
4.878000,0.035241
4.879000,-0.049204
4.880000,-0.014269
4.881000,-0.020035
4.882000,-0.047968
4.883000,-0.032214
4.884000,0.018331
4.885000,0.009507
4.886000,-0.043546
4.887000,0.039825
4.888000,0.036079
4.889000,0.044138
4.890000,0.029634
4.891000,-0.015035
4.892000,-0.023815
4.893000,-0.035547
4.894000,-0.023272
4.895000,-0.037332
4.896000,-0.004156
4.897000,-0.048607
4.898000,0.020214
4.899000,-0.023174
4.900000,0.036173
4.901000,0.019504
4.902000,-0.030556
4.903000,-0.023740
4.904000,-0.021871
4.905000,-0.041797
4.906000,-0.002574
4.907000,0.028321
4.908000,0.009849
4.909000,0.012602
4.910000,-0.011749
4.911000,0.031035
4.912000,0.014240
4.913000,0.031462
4.914000,-0.019609
4.915000,0.030982
4.916000,-0.018349
4.917000,-0.005366
4.918000,0.002950
4.919000,-0.029594
4.920000,0.012863
4.921000,-0.031431
4.922000,-0.005801
4.923000,0.010649
4.924000,0.005825
4.925000,0.021449
4.926000,0.040512
4.927000,0.024732
4.928000,-0.049721
4.929000,-0.047194
4.930000,-0.010191
4.931000,-0.047883
4.932000,0.022054
4.933000,0.042763
4.934000,-0.039799
4.935000,0.004840
4.936000,-0.008202
4.937000,0.002716
4.938000,0.037013
4.939000,0.015527
4.940000,0.028103
4.941000,-0.015195
4.942000,-0.000510
4.943000,0.043219
4.944000,0.038355
4.945000,-0.005611
4.946000,-0.036593
4.947000,-0.025164
4.948000,-0.034049
4.949000,0.019353
4.950000,-0.027051
4.951000,-0.038794
4.952000,-0.017021
4.953000,0.007729
4.954000,-0.019673
4.955000,-0.015429
4.956000,-0.013401
4.957000,-0.047053
4.958000,-0.009415
4.959000,-0.007415
4.960000,0.020404
4.961000,0.045040
4.962000,-0.022953
4.963000,0.036428
4.964000,-0.033403
4.965000,-0.004586
4.966000,-0.045516
4.967000,-0.045439
4.968000,0.025676
4.969000,-0.006113
4.970000,0.005352
4.971000,0.011399
4.972000,0.022018
4.973000,-0.022260
4.974000,-0.015801
4.975000,-0.026071
4.976000,-0.045934
4.977000,0.036932
4.978000,-0.034986
4.979000,0.006788
4.980000,0.035699
4.981000,-0.035625
4.982000,-0.015268
4.983000,0.044938
4.984000,0.046852
4.985000,-0.049488
4.986000,-0.022093
4.987000,-0.044265
4.988000,-0.004521
4.989000,0.029873
4.990000,-0.015906
4.991000,-0.017659
4.992000,-0.006025
4.993000,0.039768
4.994000,0.036439
4.995000,-0.001341
4.996000,0.003077
4.997000,0.035106
4.998000,-0.037231
4.999000,-0.046568
